text	class
- Сынок, если ты съешь еще один кусок торта, ты лопнешь!- Дай мне торт и отойди подальше.	другой
Не все, что жизнь может выкинуть, следует подбирать.	другой
Я вчера ее так ждал, что если она не придет сегодня, то завтра я ее убью.	бытовой
Я вчера ее так ждал, что если она не придет сегодня, то завтра я ее убью.	другой
В любовном треугольнике один угол - общего пользования.	пошлый
Если у тебя прекрасная жена, обалденная любовница, крутая тачка, нет проблем с властями и налоговыми службами, а когда ты выходишь на улицу всегда светит солнце и прохожие тебе улыбаются - скажи нет наркотикам!	другой
Если у тебя прекрасная жена, обалденная любовница, крутая тачка, нет проблем с властями и налоговыми службами, а когда ты выходишь на улицу всегда светит солнце и прохожие тебе улыбаются - скажи нет наркотикам!	бытовой
Инженер советской закалки, чтобы решить неразрешимую задачу, прибегнет к водке и синей изоленте. А его британский коллега возьмет скотч и скотч.	другой
Если по утрам вам не нравится, как вы выглядите, то перестаньте по вечерам делать то, что вам нравится...	бытовой
- Я у вас вчера лампочку энергосберегающую покупал.- Да-да, помню, как же.- Так вот, принес я ее домой, ввернул в плафон - а она не горит!- А вы что хотели? Она же энергосберегающая, вот энергию и бережет.	бытовой
Продам папку с фотографиями.Папка - мой. Фотографии - мамкины.	бытовой
- Как у вас женщин все сложно.- Не сложно! У нас просто все не просто.- И я о том. Вам все усложнить - проще простого.	бытовой
Никогда не связывайтесь с малолетками! Они - как глянцевый журнал... Обложка красивая, а открываешь - статья, статья, статья...	пошлый
- Продаются ли у вас такие спички, чтобы головка была с другой стороны?Ответ продавца:- Таких не держим.Ответ еврейского продавца:- Сейчас посмотрю. На верхней полке завалялась, кажется, одна коробка...	бытовой
- Продаются ли у вас такие спички, чтобы головка была с другой стороны?Ответ продавца:- Таких не держим.Ответ еврейского продавца:- Сейчас посмотрю. На верхней полке завалялась, кажется, одна коробка...	политический
Порой так сильно устаю за день, что даже когда сплю, во сне мне хочется спать.	бытовой
Порой так сильно устаю за день, что даже когда сплю, во сне мне хочется спать.	другой
"- Ну что у вас, студент?- Коньяк.- Ооо... Коньяк это хорошо!- Не-ет. Коньяк - это ""отлично""!"	бытовой
Запретили мат... Сборную России по футболу в Шереметьево встречала молчаливая толпа...	другой
Запретили мат... Сборную России по футболу в Шереметьево встречала молчаливая толпа...	бытовой
"Мужик заходит в ""Евросеть"" и обращается к продавщице:- Мне нужен мобильный телефон.- Модель?- Нет, сантехник, но все равно спасибо, вы тоже хорошенькая!"	бытовой
"Мужик заходит в ""Евросеть"" и обращается к продавщице:- Мне нужен мобильный телефон.- Модель?- Нет, сантехник, но все равно спасибо, вы тоже хорошенькая!"	другой
- Дорогая, этого супа надо было сварить литров тридцать.- Он тебе так понравился?- Нет, просто тогда он был бы не такой соленый.	бытовой
В женском отряде...- По порядку номеров рассчитайсь!- Первая!- Вторая!- Третья!- Четвертая!- Единственная...	бытовой
- Зачем ты по обеим сторонам смотришь? Здесь же одностороннее движение!- Чувак, это Россия, я бы еще и наверх посмотрел!	другой
С первого взгляда понял, что второй уже не нужен.	другой
- А почему у тебя в учебном классе все системные блоки под столами стоят?- А мне нравится наблюдать, как студентки USB-порт ищут.	пошлый
Женщина звонит сыну-студенту:- Сынок, как экзамены?- Мама, подорожали!	бытовой
Женщина звонит сыну-студенту:- Сынок, как экзамены?- Мама, подорожали!	другой
Женился сам, останови товарища.	бытовой
Экзаменов надо бояться, иначе они решают, что их не уважают, и не сдаются...	другой
Диалог двух приятелей:- Я своей жене из командировки презент привез.- А чего ты его там не использовал?	пошлый
Ругаются муж с женой. Он:- Люська, замолчи вообще! Ты как последняя пара обуви на витрине!- Че?- Сто человек попробовали, а я дурак взял...	бытовой
Певицу Насри не пустили в Россию из-за фамилии, призывающей к административным правонарушениям.	бытовой
Певицу Насри не пустили в Россию из-за фамилии, призывающей к административным правонарушениям.	политический
Певицу Насри не пустили в Россию из-за фамилии, призывающей к административным правонарушениям.	пошлый
Жена беседует с адвокатом:- Я в течение десяти лет каждую субботу намыливаю мужу спину...- Разве это причина для развода?- Но в прошлую субботу его спина была совершенно чистой.	бытовой
- Куда эти люди девают энергию, сэкономленную на невключенных поворотниках?- Тратят на аварийку, когда стоят там, где нельзя.	бытовой
- А давай устроим праздник! Ты все приготовишь...- А ты?- А я - приду!	бытовой
Благодаря капчам я научился читать медицинские рецепты.	бытовой
Людоед поймал двоих и притащил к себе в пещеру. Мрачно посмотрев на них, сказал:- На первое-второе рассчитайсь!	другой
Первоклашку ведут на Первый звонок:- Одиннадцать лет! За что!	другой
Двое заключенных встречаются в тюремной камере. Один спрашивает:- Тебе сколько дали?- 15 лет. А тебе?- 10 лет.- Ну тогда бери нары около дверей, тебе скорей выходить.	другой
Двое заключенных встречаются в тюремной камере. Один спрашивает:- Тебе сколько дали?- 15 лет. А тебе?- 10 лет.- Ну тогда бери нары около дверей, тебе скорей выходить.	бытовой
Какая разница между госслужащими и сперматозоидами? И те, и другие приходят на работу тысячами, но лишь одному из них приходится за всех горбатиться.	бытовой
- Не знаю, что делать. Тараканы замучали. Всюду шастают - покоя нет.- А ты купи мелок для тараканов.- А что, помогает?- Конечно. Видишь - сидят в углу, рисуют...	бытовой
Мужчинам старше 80 лет не рекомендуется смотреть эротику.Особенно в исполнении ровесниц.	пошлый
Кошка иногда страшнее тигра. Тигры где-то там, далеко, а кошка - она вот рядом. И ее надо мыть.	бытовой
"На приеме у гинеколога на вопрос ""Как я предохраняюсь"" ответила: ""Отсутствием партнера""... Врач поржала и отпустила с миром."	пошлый
- Папа, дай мне 200 рублей, - говорит сын.- А мне - 500, - просит дочь.- А мне нужно 2000, - добавляет жена.- Да что с вами сегодня случилось? - удивляется отец.- Ты забыл? У тебя завтра 23 февраля!	бытовой
- Мы с парнями на днях к себе в общагу девушку пригласили: ну выпили мы шампанского, пива... потом потр@хались... потом одного послали за коньяком, водкой... опять потр@хались...- Бедная девушка!- Какая девушка?- Ну, которую вы пригласили к себе.- Да она не пришла...	пошлый
На пешеходном переходе автомобиль сбил пешехода.Выскакивает водитель, наклоняется к потерпевшему и говорит:- Вам повезло, я врач.Тот поднимает голову и отвечает:- А вам нет, я адвокат!	бытовой
Деньги не приносят счастье, зато позволяют обставить несчастье с наибольшим комфортом.	бытовой
Женщины. Помните. Вы не прачки, не посудомойки, не кухарки, не уборщицы. Вы - ангелы чистоты. Жрицы порядка. Богини уюта. Дом - это ваш храм. Вам просто не объяснили.	бытовой
Путин рассказал Оливеру Стоуну, как впервые встал на коньки в 60 лет, но лично меня больше интересует, в каком возрасте он их отбросит.	политический
Отец маленького Кости приватизировал пансионат на берегу моря. Учитель спрашивает на уроке Костю, сколько существует времен года.- Пять, - отвечает Костя.- Сколько? - удивляется учитель.- Весна, лето, осень, зима и мертвый сезон.	бытовой
Женщина заходит в аптеку, спрашивает:- Подскажите, что лучше для мужа взять валидол или валерьянку?- А диагноз какой?- Туфли за 30 тысяч...	бытовой
Парень говорит девушке:- Пойдем ко мне, я тебе фокус покажу.- А какой?- Какой-какой! Я тебя тр@хну, а потом ты исчезнешь.	пошлый
Сила мира, брат, в экзистенции параноидального тетраграмматона!	другой
- Почему молчит Вселенная?- А где ты видел, чтобы нормальные ихтиологи с рыбами разговаривали?	другой
Парень завалил девушку, залез на нее и говорит:- Ну, что, я вхожу?- Нет, блин, сначала постучись!	пошлый
Этим летом решил заняться недвижимостью!Лежу и не двигаюсь.	бытовой
Спортивный комментатор берет интервью у нашего лыжника, только что сошедшего с дистанции:- Вы конечно не победили, но скажите, вам понравилась сама гонка?- Самогонка понравилась, поэтому и не победили.	бытовой
Приходит очень стеснительный мужик к венерологу:- Доктор, у моего лучшего друга есть подозрение, что он заболел венерическим заболеванием...Доктор:- Ну что же, снимай штаны, показывай своего друга!	пошлый
Если человек сильно жаждет справедливости, то его следует напоить пивом и подождать. Вполне вероятно, что его жажда сойдет на нет.	бытовой
Математический закон.Бутылка на троих является условием необходимым, но недостаточным.	бытовой
- Сережа, мы с тобой знакомы уже десять лет! Может, нам пора задуматься о браке?- Блин, Петрович, давно пора! У тебя же на выходе каждая пятая деталь бракованная!	другой
Первое место в сезоне на соревнованиях Формула I заняла формула С2H5ОH!	бытовой
Отец - сыну:- Ну, сынок, чем сегодня папу порадуешь?- Папа, все то, что тебя может порадовать, мы еще вчера с пацанами выпили!	бытовой
- Иван-царевич, ты куда?- В чисто поле... Пущу стрелу, как батя велел, и в чей двор она упадет, на той, стало быть, и женюсь.- А гранату к стреле зачем прикрутил?- Дык, не хочу я жениться, не хочу!	бытовой
"После того как обезьянам Московского зоопарка сделали вакцины, увеличивающие интеллект, - они отказались вступать в ""Народный фронт"" и готовятся к восстанию!"	политический
Удивительная вещь - экзамен. Одних он удивляет вопросами, других ответами.	другой
Я ей говорю: - Бери в рот и соси.А она кочевряжится: - Я не умею... Я не буду...Я опять спрашиваю: - Так сосать будешь?Она головой мотает.- И чо дальше было?- А чо дальше? Смотал шланг, закрыл бак и уехал. А то бензина дай, да еще и сам соси.	пошлый
Вот чем мне нравятся джинсы, так это тем, что в них можно месяц ползать по грязному полу, и никто не заметит. Все подумают, что это дизайн такой.	другой
Вот чем мне нравятся джинсы, так это тем, что в них можно месяц ползать по грязному полу, и никто не заметит. Все подумают, что это дизайн такой.	бытовой
В офисе сломался кондиционер. Вскоре все начали потеть и по комнате стал распространяться жуткий запах. Кто-то сказал:- Хм, у кого-то дезодорант не действует!Одна баба:- Тогда это точно не я! Я вообще дезодорантом не пользуюсь!	другой
В офисе сломался кондиционер. Вскоре все начали потеть и по комнате стал распространяться жуткий запах. Кто-то сказал:- Хм, у кого-то дезодорант не действует!Одна баба:- Тогда это точно не я! Я вообще дезодорантом не пользуюсь!	бытовой
Почему блондинка вернула ершик для унитаза обратно в магазин?- По ее мнению туалетная бумага мягче!	пошлый
Почему блондинка вернула ершик для унитаза обратно в магазин?- По ее мнению туалетная бумага мягче!	другой
- Ну, и где та дрянь, которая мне на зиму посоветовала окна заклеить?- Что, теперь тепло?- Теперь темно!	бытовой
Мы настолько добрые, что всем плачущим детям на пляже затыкаем рот мороженным.	другой
- Доктор, у меня дергается глаз.- Это дискотека века.	другой
Посреди улицы разговаривают два одессита. К ним подходит третий. Долго молча слушает, затем резко разворачивается и, уходя, говорит: - Ой! Та не морочьте мне голову...	другой
- Ты почему на работу не пришел?- Я еб@нулся...- Ты давно еб@нулся, на работу почему не пришел?- Шеф, вы не дали мне договорить - нога сломана...	бытовой
- Алло! Это бюро интимных услуг по телефону?- Да... Я готова исполнить любое твое желание...- Люсь, я только хотел, чтобы ты по дороге с работы батон белого хлеба купила.	бытовой
- У ада и небес есть свои границы, защита, охрана, воины, ворота. Зачем им все это?- Людей боятся, вот и окопались как могли...	бытовой
"Если в своем почтовом ящике вы обнаружили письмо, в заголовке которого имеются слова ""повестка"" и ""военкомат"" - уничтожьте его не открывая. В нем содержится опасный вирус, который может лишить вас Интернета и компьютера на 2 года."	бытовой
- Она меня совсем не замечает!- Займи у нее много денег и не отдавай, она и будет думать только о тебе!	бытовой
- Она меня совсем не замечает!- Займи у нее много денег и не отдавай, она и будет думать только о тебе!	другой
Минздрав рекомендует воздержаться от объятий и поцелуев и, по возможности, держать друг от друга дистанцию. Семейные пары просто могут все оставить, как есть.	бытовой
"Хрюшу давно пора убирать из ""Спокойной ночи"". Ведь нас смотрят и мусульмане..."	другой
"Хрюшу давно пора убирать из ""Спокойной ночи"". Ведь нас смотрят и мусульмане..."	политический
Странное дело: быть одиноким - плохо, а жить одному - оху@нно!	другой
Делаю первые робкие шаги в бизнесе. Собрал контрольный пакет... пакетов.	другой
Если вы ссоритесь, а потом миритесь и уже не помните, из-за чего ругались - это и есть любовь. Хотя, хрен знает, склероз начинается так же.	бытовой
В армии.- Рядовой Веркопуло, с чего надо начинать чистку автомата?- С проверки серийного номера, товарищ сержант!- Это еще почему?- Дык как же! На кой черт мне надо чужой автомат чистить?	бытовой
В армии.- Рядовой Веркопуло, с чего надо начинать чистку автомата?- С проверки серийного номера, товарищ сержант!- Это еще почему?- Дык как же! На кой черт мне надо чужой автомат чистить?	другой
Девушка стучится в двери богатого дома:- Здравствуйте, а вам няня не нужна?- Вы знаете, а у нас совсем нет детей.- Да ничего страшного, они у меня с собой.	другой
Девушка стучится в двери богатого дома:- Здравствуйте, а вам няня не нужна?- Вы знаете, а у нас совсем нет детей.- Да ничего страшного, они у меня с собой.	бытовой
Зачем вам современная медицина, генная инженерия и нанолекарства, когда можно просто прыгнуть в ледяную воду и три раза перекреститься?	бытовой
- Почему чиновники готовы швырять деньги направо и налево? - Потому что они их не зарабатывали...	политический
"Надо читать философию в юности, когда впечатлителен, а сейчас многие труды философов воспринимаются как ""Ох, да что ты, блядь, говоришь!""."	пошлый
"Надо читать философию в юности, когда впечатлителен, а сейчас многие труды философов воспринимаются как ""Ох, да что ты, блядь, говоришь!""."	бытовой
"Надо читать философию в юности, когда впечатлителен, а сейчас многие труды философов воспринимаются как ""Ох, да что ты, блядь, говоришь!""."	другой
Брак - это единственная из известных форм наказаний, связанных с лишением свободы, отбывая которое за примерное поведение срок не скашивают, а добавляют.	бытовой
Скажите, Зяма, а Вы Пауло Коэльо читали?- Нет...- Вот Вы Лох!- А Вы?!- А я первый спросил!	другой
В газ, поставляемый на Украину, будет добавлена специальная присадка, расцвечивающая пламя в цвета георгиевской ленты.	политический
- Тут есть две большие ягоды, хочешь маленькую?	другой
Мальчик, нечаянно чихнувший на iPad, запустил сразу все приложения.	другой
Наряду с палкой-копалкой, большую роль в развитии человечества сыграла палка-отбиралка - один из первых механизмов перераспределения общественных благ.	другой
Полстраны дома сидит, а вторая половина их охраняет.	политический
- Как зовут вашего кота?- Днем или в 5 утра?	бытовой
- Доктор, три месяца назад вы нашли у меня ревматизм и сказали избегать сырости.- И с чем вы на этот раз?- Можно ли мне хотя бы на Новый год помыться.	бытовой
"Узбекистан, магазин игрушек. На витрине игрушка зебры, внизу ценник ""ишак-матрос""."	политический
Басаев Масхадову: Знаешь, а за мою голову назначили выкуп.Масхадов: Угу! Я даже знаю, кто его получит!	другой
Басаев Масхадову: Знаешь, а за мою голову назначили выкуп.Масхадов: Угу! Я даже знаю, кто его получит!	политический
Жены олигархов ужинают в ресторане. Одна говорит другой:- А мне мой вчера школьную форму подарил. Не знаю, что и думать.- А что тут думать-то? Конечно, доучись!	пошлый
Жены олигархов ужинают в ресторане. Одна говорит другой:- А мне мой вчера школьную форму подарил. Не знаю, что и думать.- А что тут думать-то? Конечно, доучись!	другой
Наша власть очень много делает для простых людей.Например, пополняет их словарный запас новыми глаголами типа: съединоросил, спутиниздил, отмедведил, наечурил, заефурсил, нургапшикнул, разсердючил, снабиуллил и объеголил.	политический
Что-то в этом году весна не удалась, и судя по нашим СМИ виноваты в этом проклятые империалисты с запада...	политический
На пикнике:- Да нет, любимая, трава вовсе не сырая. Просто ты села на картофельный салат под майонезом.	бытовой
"Не знаю, что хуже?! Когда девушка написала: ""Может нам стоит расстаться?"" или когда следом от нее же приходит: ""Ой, это не тебе!""?"	бытовой
На учениях по стрельбе солдат Иванов промахнулся, солдат Петров промахнулся, а солдат Рабинович попал в цель. Командир обращается к строю:- Берите пример с Рабиновича - плохой солдат, а старается!	политический
- Ну что, помогло тебе колдовство?- Да! Просто ужас! Муж вернулся!- Так почему ужас?- Так не нынешний муж, а первый, умерший!	бытовой
"В первоначальном варианте басни Крылова просравшая все эуропейка Стрекозюк пришла к хозяйственному и домовитому Муравьеву поклянчить помощи, но услышала: ""Так пойди же поскачи!""."	политический
Пьяный фермер избил свинью молотком. Он думал, что это копилка.	бытовой
- Мама, давай назовем нашего котенка Изей!- Что ты, сыночек, это же человеческое имя. Мы назовем его Васей!	другой
Наглость - это когда тебя добавляют в друзья, чтобы поиграть в фермера!	бытовой
Самое прекрасное в природе - это отсутствие человека.	другой
Завести мужчину не сложно - сложно вывести...	бытовой
Не шути - согнем!	другой
- Виктор Андреевич, после твоей инаугурации хочу поехать за границу.- Так езжайте, Леонид Данилович, только надо посидеть на дорожку.	политический
"Хорошо хохлам: из двух извечных вопросов - ""Что делать?"" и ""Кто виноват?"" - по крайней мере на второй они уже для себя ответили."	политический
Колобок закатился на арбузное поле и подумал, что это митинг зеленых...	политический
Мужики, запомните. Опасно совать палец в обручальное кольцо...	бытовой
Сотрудник крематория нечаянно чихнул - и теперь не знает, кто где...	другой
Первым хакером в истории, по всей видимости, был Парис, который как-то узнал об уязвимости пятки Ахилла, и пустил ему туда стрелу в качестве эксплойта.	другой
Прапорщик пытается натянуть ботинок на ногу. Не получается.Рядовой советует:- Товарищ прапорщик, Вы бы язычок-то вытащили.- Вот спасибо, - отвечает прапорщик и высовывает язык.	бытовой
Прапорщик пытается натянуть ботинок на ногу. Не получается.Рядовой советует:- Товарищ прапорщик, Вы бы язычок-то вытащили.- Вот спасибо, - отвечает прапорщик и высовывает язык.	другой
В честь Дня Всех Влюблённых начальство дарит подчиненным вазелинки!	пошлый
Летит ворона, напившаяся в ноль. Вдруг в дерево - бац! Падает вниз:- Подумаефь, упаду - пефком пойду.	другой
Детский сад на прогулке по лесу. Воспитательница:- Дети, если кушаем ягодки, то срываем по две: одну ешьте, а другую для судмедэкспертизы.	бытовой
Чтобы убедиться, что Дед Мороз настоящий, студенты мединститута поймали одного из них и вскрыли.	другой
- Почему у тебя сапоги разные?- Потому что продавцы в магазинах считают, что если они выставят один сапог, то его не украдут.	бытовой
Мой сосед ведет себя так, словно у меня нет дрели.	бытовой
О том, что скоро мы будем жить хорошо, мы слышим от тех, кто уже живет хорошо.	политический
Праздник в пионерском лагере! Компот забродил!	бытовой
Роза Марковна с Молдаванки так безвкусно одевалась, шо воры украли со двора только бельевую верёвку!	бытовой
1 апреля в ЗАГСе:- Невеста, у вас вся спина белая!	пошлый
1 апреля в ЗАГСе:- Невеста, у вас вся спина белая!	другой
- Извините, сдачи нет! Возьмите жвачкой с Микки Маусом!- Ты че? Я че, бл@, маленький что ли? Дай вон ту, с Терминатором!	бытовой
За организацию несанкционированного митинга А. Навальный был приговорен Басманным судом к 200 часам исправительных работ в виде чистки кроссовок Дмитрий Анатолича и покраски домика его уточки.	политический
Я не понимаю, почему люди боятся заходить в реку с крокодилами? От малярийных-то комаров больше народу гибнет.	другой
День дурака превратился в месяц дурака.	бытовой
Диалог моих родителей:- Ты забыл какой сегодня день? Сегодня 20 лет, как мы вместе!- Милая, ты как будто срок мотаешь, ей богу!	бытовой
- Рыбу ловят, сидя тихонечко на берегу, не издавая лишнего шума и не делая резких движений. А что ловят шумя, сопя, делая множество движений, крича, а под конец, иногда, даже орут?- Триппер.	другой
В войне главное не победа, главное в ней не участвовать.	другой
В войне главное не победа, главное в ней не участвовать.	политический
После того, как Байден спросил сколько лет ему суждено быть президентом США, кукушка так растерялась, что начала каркать.	политический
- Возвращаюсь домой пораньше, а на кухне что-то происходит, захожу - а там муж мой йогурт ест!- Лучше бы бабу тр@хал, было бы не так обидно...	бытовой
Ешьте больше чеснока! Это не помогает против коронавируса, но держит других на необходимом расстоянии.	бытовой
Если вы бегаете по утрам в парке, а об этом никто не знает, то это не считается.	другой
Пошел я как-то к соседям за сахаром, смотрю - не заперто. Открываю дверь, а там вокруг кровь, кишки, мозги... Потом смотрю - о, сахар!	бытовой
При цене нефти $10 за баррель средним классом в России будет считаться человек в обуви. В любой обуви.	политический
Судя по состоянию украинского бюджета, Янукович ворует до сих пор...	политический
Гагарин 9 марта родился, а 12 апреля уже в космос полетел. А ты все работу не можешь найти.	другой
Нельзя вечно откладывать проблему. Когда-нибудь все равно придется на нее плюнуть.	бытовой
На заметку: жене, нашедшей в вашем кармане презерватив, говорите, что его вы положили только для того, чтобы проверить, роется ли жена, в ваших карманах.	бытовой
На заметку: жене, нашедшей в вашем кармане презерватив, говорите, что его вы положили только для того, чтобы проверить, роется ли жена, в ваших карманах.	пошлый
Когда волк молчит, его лучше не перебивать.	другой
- Петя, где ты вчера был?- С папой корову к быку водили.- А что, папа сам не смог бы?- Смог, но бык лучше.	пошлый
Патриоты России сдирают с себя турецкий загар.	политический
Все ругают евреев, масонов. Знаете, что скажу? Мне ни один масон еще подъезд не обоссал.	бытовой
- Зяма, Вы побили Мойшу?- Я дал по морде этому негодяю, поскольку он спит с моей женой!- Зяма, Вы, такой интеллигентный, били по лицу другому человеку только за то, что у Вас с ним одинаковые вкусы?	пошлый
Утро не бывает добрым, поэтому я просыпаюсь днем.	бытовой
Он:- Я дал себе зарок, что если еще раз чем-то тебя расстрою, то буду отрубать себе по сантиметру члена каждый раз.Она:- Тебе, с@ка, лишь бы назло мне сделать!	пошлый
Мальчик-негр спрашивает у своей белой мамы:- Мама, а почему ты белая и все у нас в семье тоже белые, а я черный?- Ой, сынок, я как вспомню ту вечеринку... Скажи спасибо, что не гавкаешь!	пошлый
Студент хнычет:- Профессор, я не заслуживаю двойки!- Знаю, но более низких оценок у нас, к сожалению, нет!	другой
Как показывает практика, в любой другой день можно разыграть гораздо большее количество людей, чем первого апреля.	другой
Как показывает практика, в любой другой день можно разыграть гораздо большее количество людей, чем первого апреля.	бытовой
Аппетит приходит вовремя, а еду опять задерживают.	бытовой
"Из мемуаров: ""Я никогда не изменял ни жене, ни любовнице, ни другим своим женщинам""."	бытовой
- Ангел мой! Ты поговорила со своими родителями обо мне? Они согласны отдать тебя мне в жены?- Да, я сказала им все.- И как они?- Не знаю. Отец пока молчит, а мама ждет, пока он выскажется, чтобы выразить прямо противоположное мнение.	бытовой
Все выходные работал над отчетностью и понял, насколько же компьютер облегчает выполнение работы, которую до появления компьютеров просто не нужно было делать.	другой
Он и она после интима.- Тебе было хорошо?- Да.- Очень хорошо?- Да.- А как хорошо?- Как будто борща поел.	пошлый
Сборищем грязных отморозков назвал мэр участников митинга, требующих в ноябре подключить горячую воду и отопление.	бытовой
Сборищем грязных отморозков назвал мэр участников митинга, требующих в ноябре подключить горячую воду и отопление.	политический
В России любой человек может стать президентом. И этого человека вся страна знает.	политический
- О! Веселый молочник! Ты чего такой грустный?- Корова сдохла. Мясо будешь?	бытовой
- О! Веселый молочник! Ты чего такой грустный?- Корова сдохла. Мясо будешь?	другой
Многие проблемы решаются одним легким поднятием заднего места.	другой
- Как заказывает проституток госчиновник?- Через тендер.	политический
- Как заказывает проституток госчиновник?- Через тендер.	пошлый
Однажды мне приснилось, что моя жена громко храпит. Просыпаюсь: ничего подобного - не женат!	бытовой
- А правда у вас в России настолько холодно, что вы Новый год два раза отмечаете?	политический
- Чем оливье отличается от феминистки?- Несмотря на одинаковую жирность, для людей оливье все-таки полезнее.	пошлый
- С тех пор, как от меня ушла Люда, я стал нелюдимым...	другой
- Какая у тебя самооценка?- Так себе. Мы цари народ простой.	бытовой
Она долго пробовала себя в разных профессиях и наконец нашла то, что искала - богатого старого мужика.	бытовой
Британскими учеными изобретен экспресс-тест на гомосексуальность с помощью динамометрического нутромера. Прибор вводится в анус и измеряет его диаметр, эластичность, силу сжатия. Все эти данные для диагностики не нужны, выявление гомосексуальности производится по факту согласия на прохождение теста.	пошлый
Коварству кошек нет предела! Они больше не могуть съесть нас, как их предки ели наших предков. Так они лаской заставляют нас покупать им еду!	другой
Коварству кошек нет предела! Они больше не могуть съесть нас, как их предки ели наших предков. Так они лаской заставляют нас покупать им еду!	бытовой
Кто говорит, что дружбы народов не существует, тот не стоял в очереди в УФМС России.	политический
"Жду не дождусь, когда же на канале ""Россия"" появится новая передача ""Вечер без Владимира Соловьева"". И без Украины..."	политический
- Запишите нас в НАТО.- Членом?- Да нет, можно и карандашом.	пошлый
- Запишите нас в НАТО.- Членом?- Да нет, можно и карандашом.	политический
- Бабушка, пусти переночевать.- Заходи, солдатик.- Да я не один... С ефрейтором.- Ничего, привяжи его к забору.	другой
Умирает старый еврей. Слабым голосом спрашивает:- Моя жена рядом?- Да, мой дорогой.- А мои дети здесь?- Да, папочка.- Мои внуки здесь?- Да, дедушка!- Тогда почему на кухне свет горит?	бытовой
Заседание Думы было бурным, продолжительным и даже с мордобоем. Оно и понятно - бюджет по-тихому нигде не распиливают.	политический
- Почему упала освященная ракета?- Она ударилась о небесную твердь.	другой
- Почему упала освященная ракета?- Она ударилась о небесную твердь.	политический
Спасение озабоченных - дело рук самих озабоченных.	пошлый
Нужно не от хамона и пармезана отказываться, а от маргарина и валокордина, от которых весь мир отказался.	политический
- После серии фильмов про Гарри Поттера, в школах стали осторожней обижать маленьких рахитичных очкариков.	бытовой
"Как говорил знакомый еврей: ""Не нужно так нервничать и убиваться, тебе за это не заплатят!""."	другой
Купил быстросохнущий супер-клей. Не обманули.Он засох еще до того, как я смог его открыть...	бытовой
Купил быстросохнущий супер-клей. Не обманули.Он засох еще до того, как я смог его открыть...	другой
Жена отгадывает кроссворд:- Жанр искусства на 4 буквы?- Вино.- Не подходит, первая буква К?- Вино всегда подходит.	бытовой
Путин сказал, что, если хоть чуть-чуть уменьшить зарплату Миллеру и Сечину, оба тут же уйдут к зарубежным конкурентам. Стесняюсь напомнить: речь идет о тех самых людях, которых с завидной регулярностью награждают за беспримерный патриотизм.	политический
Вчера ночью 5 дебилов хотели забрать у меня телефон. Теперь у меня 6 телефонов.	бытовой
Секс очень похож на бег: у кого-то уверенный челночный бег, у кого-то марафон, у кого-то рекордная стометровка, у меня - освобождение от физры.	пошлый
"Человек имеет право отнести себя к среднему классу, когда начинает понимать слова ""одноразовый пакетик чая"" буквально!"	бытовой
- Какие олигархи более жадные: лондонские или московские?- Конечно, московские: лондонские все у нас забрали и уехали себе в Лондон, а московские все забрали и смотрят, как бы еще чего забрать.	политический
- Интересно, почему офисные работники целыми днями сидят в мягких креслах, а геморроя нет?- Так ежедневный массаж у шефа!	пошлый
Во время свадьбы одна из женщин говорит соседке:- Все-таки у невесты очень усталый вид...- Еще бы! Ведь Розочка боролась за это место лет десять...	другой
- Софочка, я же просил тебя погладить мой выходной пиджак!- Йосик, я погладила...- Неправда! 100 долларов как лежали во внутреннем кармане, так до сих пор там и лежат!	бытовой
Неудачные попытки заняться сексом индусы стали называть йогой, а удачные камасутрой...	пошлый
- Почему у тебя такое кислое выражение лица?- Потому что мне нельзя ничего сладкого.	бытовой
- Почему у тебя такое кислое выражение лица?- Потому что мне нельзя ничего сладкого.	другой
Хозяйка звонит электрику:- Я просила Вас вчера прийти починить звонок!- А я был у Вас! Позвонил, мне никто не открыл и я ушел.	бытовой
Бабушка спрашивает у внука:- Вовочка, а кто это тебя научил матом ругаться?- Мама!- А маму кто?- Говорит, ее мама!- Ну, это она, конечно, пи@дит!	бытовой
Бабушка спрашивает у внука:- Вовочка, а кто это тебя научил матом ругаться?- Мама!- А маму кто?- Говорит, ее мама!- Ну, это она, конечно, пи@дит!	другой
Сколько я ни задумывался над смыслом жизни, потом всегда тяжело выходил из запоя.	бытовой
Ошибка подобна утопленнику: все равно всплывет на поверхность.	другой
Ошибка подобна утопленнику: все равно всплывет на поверхность.	бытовой
"Знаете ли вы, что при подсчете голосов в бюллетенях голосования из оставленной вами надписи ""Да пошли вы..."" учитывается только первое слово?"	политический
Одесский дворик. Две соседки переговариваются между балконами, этажом выше учится играть на скрипке еврейский мальчик.- Сара!- Шо?- В нашем доме немцы есть?- Нет, а шо?- А кому мстит этот мальчик?	политический
Вот раньше в большой пачке презервативов было 12 штук - очень удобно. А потом сделали пачки по 10 штук. И в чем прикол? Остальные 2 месяца в году без секса что ли?	пошлый
Холмс, сидя с трубкой в кресле и читая газету:- Ватсон, вы можете себе представить, что для изготовления кисточек ежегодно используется две тысячи верблюдов.- Просто поразительно, Холмс, чему только не научат животных в наши дни!	другой
Семейная жизнь - это как плавание на корабле, на берегу девки и бухло, а у тебя секс только с поварихой.	бытовой
Семейная жизнь - это как плавание на корабле, на берегу девки и бухло, а у тебя секс только с поварихой.	пошлый
Самое жестокое кидалово его детства - это несоответствие запаха клубничного мыла его вкусу.	бытовой
В стране, где каждый день Хеллоуин, бессмысленно отмечать его раз в году.	политический
В стране, где каждый день Хеллоуин, бессмысленно отмечать его раз в году.	бытовой
Хозяюшке на заметочку: извиниться перед гостями за то, что не убрано, во много раз легче, чем сделать уборку.	бытовой
Хозяюшке на заметочку: извиниться перед гостями за то, что не убрано, во много раз легче, чем сделать уборку.	другой
Один мой знакомый решил избавиться от интернет-зависимости путем ухода в запой. Надо признать, что эксперимент удался: в среде бомжей вай-фай пока еще большая редкость.	бытовой
Жизнь не надо растягивать, ее нужно наполнять.	бытовой
А что если чиновники заказывают у себя обыски, чтобы похвастаться перед друзьями, потому что просто хвастаться некрасиво?	политический
Если ты радуешься, когда теща вынуждена закрыть рот, ты - мужчина.Если ты радуешься, когда теща вынуждена открыть рот, ты - стоматолог.	бытовой
- Святой отец, а можно вы не будете цокать языком, пока я исповедуюсь?	другой
Я бы конечно хотел проснуться знаменитым, но не раньше обеда.	бытовой
Я бы конечно хотел проснуться знаменитым, но не раньше обеда.	другой
- Что ты делаешь здесь, Михель?- Наблюдаю, откуда русские наступать будут.- А зачем тебе это знать?- Чтобы предупредить своих, в какую сторону бежать.	политический
Разговаривают два кинопродюсера:- Ты прочел новый сценарий о жизни Иисуса?- Да, и финал мне показался совершенно неубедительным: главный герой гибнет, а потом вдруг воскресает.- Да как можно не понимать таких элементарных вещей? Это же специально придумано, чтобы потом можно было сиквел снять.	бытовой
"Мальчик, который прошел ""Марио"", по привычке берет сдачу головой."	другой
Вчера в городском парке города Мухосранска сексуальным маньяком была зверски проигнорирована пенсионерка Марья Ивановна Толстожопова.	пошлый
- Никогда в обществе программистов не говори, что ты альфа-самец.- Это еще почему?- Потому, что для них это означает сильно недоделанный вариант.	бытовой
- Никогда в обществе программистов не говори, что ты альфа-самец.- Это еще почему?- Потому, что для них это означает сильно недоделанный вариант.	другой
Если парашют не раскрылся, то постарайтесь насладиться прелестью полета. Другой такой возможности не представится.	бытовой
"- Внученька, в мои годы наркотики уже не нужны. Чтобы словить ""приход"", достаточно резко встать с дивана."	бытовой
"Лучшей мотивацией учиться, была фраза отца: ""Александр - это защитник по-гречески, так что выбирай: ты либо защищаешь диплом, либо защищаешь родину""."	бытовой
На утро после брачной ночи, дочь подбегает к матери и говорит:- Мам, ты представляшь, у моего Сережки на члене бородавка - кайф такой.- А где доченька, снизу или сверху.- Сверху.- Эх, еще бы одну снизу и две по бокам.Отец, сидя и читая газету:- Вам, бл@дям, волю дай, так вы из х@я кукурузный початок сделаете!	пошлый
Муж приходит домой и говорит жене:- Ах ты, моя сладкоежка! Иди, я купил тебе два килограмма кильки.	бытовой
Портфель поработил пятиклассника Петю и каждый день ездит на нем в школу.	бытовой
- Официант, ваши музыканты играют на заказ?- За ваши деньги, все что угодно...- Вот деньги. Пускай пока я тут ужинаю, сыграют в карты.	бытовой
Приходит пациент к доктору.- Доктор, у меня слишком быстрое семяизвержение.- Снимите штаны и покажите где у вас?- У вас на халате.	пошлый
Мою первую девушку звали Алла, но мы с ней расстались. По иронии судьбы вторую тоже звали Алла и мы тоже с ней расстались. Но теперь друзья меня называют Алкатестером!	другой
Женитьба лишила меня простых холостяцких радостей. Например, найти в пододеяльнике пряник.	бытовой
Ацтеки и инки приносили в жертву богам своих вождей во время эпидемий. Ни на что не намекаю. Просто красивый обычай.	политический
В первую очередь, себя надо оберегать от себя, как от самого близкого к тебе человека, который способен на опасную глупость.	бытовой
- Папа! Что такое диалог?- Это разговор двух людей.- Это так ты разговариваешь с мамой?- Нет - это монолог.	бытовой
"""Мне похудеть бы надо, кстати"" - ворчала Ира за столом. Она сегодня днем с кровати упала сразу с двух сторон."	бытовой
Врачи-психиатры обращаются к больным только на вы, потому что неизвестно сколько их там у каждого.	другой
Врачи-психиатры обращаются к больным только на вы, потому что неизвестно сколько их там у каждого.	бытовой
Может у меня характер тяжелый потому, что золотой?	бытовой
Люди, читающие газеты, сидя на унитазе, готовы к любым новостям.	другой
Скупой платит дважды, а женатый - всегда.	бытовой
В коридоре психиатрической больницы встречаются два врача.- Кстати, коллега, какое сегодня число?- 27 марта, а что?- Да я иду проверять, как больные ориентируются во времени.	другой
Как определить границы Российской Федерации?Наша страна кончается там, где начинаются нормальные дороги!	политический
- Маш, выйди на опушку, покричи на помощь, если никто не прийдет - здесь и будем тр@хаться!	пошлый
- Фима, как вам вчерашний обед у Рабиновичей?- Что вам сказать? Если бы суп был таким же теплым, как вино, вино таким же старым, как гусь, а гусь таким же жирным, как хозяйка, обед был бы совсем неплох.	пошлый
- Фима, как вам вчерашний обед у Рабиновичей?- Что вам сказать? Если бы суп был таким же теплым, как вино, вино таким же старым, как гусь, а гусь таким же жирным, как хозяйка, обед был бы совсем неплох.	другой
- У меня и правда есть к тебе чувства.- Правда?- Да. Я чувствую, что ты мне действуешь на нервы.	бытовой
Интернет, интернет отпусти в туалет, полчаса уже сижу ноги крестиком держу.	другой
У меня сегодня мама поинтересовалась:- Ты какие-нибудь другие способы подготовки к экзаменам, помимо молитвы, знаешь?- Да, знаю - гадания, заговоры.	другой
Политики всегда думают о народе, но никогда не говорят, что именно.	политический
Единственная проблема в первые 30 минут в тренажерном зале в том, что прошло только 2 минуты.	бытовой
Скажи женщине, что она красивая - она поверит тебе ненадолго. Скажи женщине, что она уродина - она поверит тебе навсегда. Вдобавок ты умрешь.	бытовой
- Это правда что вы машину в лотерею выиграли?- Правда. Только не машину, а квартиру. И не в лотерею, а в покер. И не выиграл, а проиграл.	бытовой
- Это правда что вы машину в лотерею выиграли?- Правда. Только не машину, а квартиру. И не в лотерею, а в покер. И не выиграл, а проиграл.	другой
- Что такое обмен мнениями между начальником и подчиненным?- Это когда подчиненный заходит к начальнику со своим мнением, а уходит с мнением начальника.	бытовой
Осознавая проблему приближающегося продовольственного кризиса, глисты дали согласие на употребление человеком продуктов, содержащих ГМО.	другой
"Однажды Эрнст сказал себе: ""Надо создать программу, чтобы ее зрители не соображали, что происходит в мире. Чтобы сделать их размышления о политике примитивными и тупыми. Смогу ли я? Не знаю. Время покажет""."	другой
Умер директор пивоваренного завода. Светлая нефильтрованная память!	бытовой
Умер директор пивоваренного завода. Светлая нефильтрованная память!	другой
Мужчины обычно женятся на надеждах, женщины выходят замуж за обещания. Так как выполнить обещания гораздо легче, чем оправдать чужие надежды, то в жизни больше встречается разочарованных мужчин, чем обманутых женщин.	бытовой
"Плакат рекламы пластиковых окон сегодня на улице видел... Там изображена грустная бабка, смотрящая в окно и слоган рядом: ""Не грусти бабуль, вставим!""."	пошлый
В Риме Сцевола держал руку на огне, показывая стойкость духа, а в России люди целыми толпами остаются в помещении после пожарной тревоги.	другой
В Риме Сцевола держал руку на огне, показывая стойкость духа, а в России люди целыми толпами остаются в помещении после пожарной тревоги.	политический
- Дорогая, а что это за рыба плавает в ухе?- Тебе что, не нравится моя уха?- Успокойся, мне нравится. Мне не нравится, что эта рыба ее ест.	бытовой
Два олигарха:- У тебя охрана сколько человек?- 11 человек. А у тебя?- И у меня. Слушай, может, в футбол сыграем?	другой
Женщина моется в общей ванной коммунальной квартиры, а сосед стал на табурет в коридоре и заглядывает через стеклянный верх двери. Она заметила и говорит:- Ну, чего уставился, голой бабы не видел?- Нужна ты мне! Я смотрю, чьим мылом ты моешься!	пошлый
Женщина моется в общей ванной коммунальной квартиры, а сосед стал на табурет в коридоре и заглядывает через стеклянный верх двери. Она заметила и говорит:- Ну, чего уставился, голой бабы не видел?- Нужна ты мне! Я смотрю, чьим мылом ты моешься!	бытовой
- Летом в России лучше всего жить в средней полосе. Осенью в России лучше всего жить на юге.- А зимой?- А зимой в России лучше всего жить не в России!	бытовой
- Что получится, если скрестить вампира и карлика?- Существо, которое сосет кровь из ваших коленок.	бытовой
Может, стоит начать вести более спортивный образ жизни: ходить в спорт-бары вместо обычных.	бытовой
"- Девушка, а девушка, а сколько вам лет?- ""Мишки Гамми"" смотрел?- Нет, а кто это?- А я смотрела..."	бытовой
Подскажите, где купить билет в Россию? В ту, которая по телевизору.	политический
Теперь о супергероях: Человек-герпес угрожает Андрею Губину.	пошлый
- А что будет, если я подберу пароль к твоему е-мейлу?- Схлопочешь по е-бейлу.	другой
- А что будет, если я подберу пароль к твоему е-мейлу?- Схлопочешь по е-бейлу.	бытовой
На МКС починили туалет. Космонавтам больше не придется выходить в открытый космос.	бытовой
На МКС починили туалет. Космонавтам больше не придется выходить в открытый космос.	другой
Если обмотать шаурму не лавашем, а подорожником - мясушко заживет и убежит домой...	другой
Говорят, когда Шойгу, въезжая 9 мая на Красную Площадь, снял фуражку и перекрестился, Сталин перевернулся в гробу, а из Мавзолея Ленина послышался мат.	политический
Говорят, когда Шойгу, въезжая 9 мая на Красную Площадь, снял фуражку и перекрестился, Сталин перевернулся в гробу, а из Мавзолея Ленина послышался мат.	другой
У нас с друзьями есть хорошая традиция: каждый год 31 декабря мы все ходим... А вот 1 января мы уже не ходим.	бытовой
Наконец-то я сегодня смог расслабиться и отдохнуть в моральном, интеллектуальном, физическом, сексуальном и любом другом смысле этого слова - отпуск закончился, и я снова вышел на работу.	бытовой
Вот уже три года Штирлиц сидел за столиком и ждал официанта. Это была привычка, выработанная в нем официантом.	другой
Если ваш начальник заговорил с вами вежливо, значит, кого-то из вас двоих скоро уволят.	бытовой
Я проснулся в понедельник, чтобы во вторник пойти на работу, но в среду я узнал, что в четверг будет дождь, и тогда в пятницу я подумал: зачем идти работать в субботу, если в воскресенье выходной?	бытовой
По дыркам на ремне полковника полиции можно проследить его карьерный рост.	бытовой
- Там в холодильнике две сосиски, тебе принести?- Принеси одну.- А почему одну?- Хочу поделиться со мной завтрашним.	бытовой
Ну поймите, если вы не будете содержать яхты Путина, Сечина, Дерипаски и Усманова, вам придется содержать Шестой американский флот! Это гораздо дешевле, но не патриотично.	политический
Кто же мог предположить, что вслед за развитым социализмом грядет рабогалернический строй?	политический
"Идет экскурсия по крейсеру ""Аврора"". Один экскурсант заинтересовался:- А почему около пушки стоит часовой?Экскурсовод:- Чтобы какой-нибудь мудак опять не выстрелил."	бытовой
"Идет экскурсия по крейсеру ""Аврора"". Один экскурсант заинтересовался:- А почему около пушки стоит часовой?Экскурсовод:- Чтобы какой-нибудь мудак опять не выстрелил."	другой
Кстати, напомню: по существующим законам, если секс продолжается более двух часов, вас обязаны кормить.	пошлый
- Катенька, ты почему хочешь стать хирургом, если боишься даже боли во время уколов.- Мамочка, я же не себе буду делать больно.	другой
"""Ты должен"" - убивает эта фраза. То, что я должен, записано в налоговом кодексе, все, что не должен - в уголовном. Остальное - на мое усмотрение."	бытовой
"""Ты должен"" - убивает эта фраза. То, что я должен, записано в налоговом кодексе, все, что не должен - в уголовном. Остальное - на мое усмотрение."	политический
Характер женщины должен быть не твердый, как скала, и не податливый, как тесто, а мягкий, но упругий, как женская грудь. А характер мужчины должен быть твердый, когда нужно, а в остальное время философски расслабленный.	бытовой
Характер женщины должен быть не твердый, как скала, и не податливый, как тесто, а мягкий, но упругий, как женская грудь. А характер мужчины должен быть твердый, когда нужно, а в остальное время философски расслабленный.	пошлый
Я далеко не бедный человек. Далеко - это в Африке.	другой
Тупые люди, как тупые ножи: вроде и особого вреда причинить не могут, но бесят!	бытовой
Мама с маленьким сыном подходят к банкомату, мама получает из него деньги. Сынуля с округленными глазами:- Мама, а как наш папа туда залез?!	бытовой
"Моя жена о чем-то долго думала, что-то писала на бумажке, считала на калькуляторе, спрашивала у меня, сколько дней осталось до Нового года. А потом неожиданно спросила: ""А что ты мне подаришь на 8 Марта?""."	бытовой
"Моя жена о чем-то долго думала, что-то писала на бумажке, считала на калькуляторе, спрашивала у меня, сколько дней осталось до Нового года. А потом неожиданно спросила: ""А что ты мне подаришь на 8 Марта?""."	другой
- Сержант Петров! Откройте свой бумажник!- Может, багажник?- Ах да, точно, всегда опережаю события!	другой
- Сержант Петров! Откройте свой бумажник!- Может, багажник?- Ах да, точно, всегда опережаю события!	бытовой
- Сержант Петров! Откройте свой бумажник!- Может, багажник?- Ах да, точно, всегда опережаю события!	политический
Зря говорят, что семечки, это как наркотик. Это как алкоголь - именно поэтому они тоже стаканами измеряются.	бытовой
Поющих под фанеру надо называть исполняющий обязанности певца.	другой
Поющих под фанеру надо называть исполняющий обязанности певца.	бытовой
Не клюет - это когда накопал червей, а их хватило на весь сезон.	бытовой
Бабушка успокаивает пятнадцатилетнюю внучку:- Подумаешь, прыщики у нее на лице! У некоторых они вон, вместо сисек...	пошлый
Дай человеку рыбу, и он запостит ее в инстаграм. Научи человека рыбачить, и он отдельный блог для этого заведет.	другой
В столовой:- А суп есть?- Есть один.- Какой?- Гороховый рассольник.- Это же два супа?- Теперь один, нам кастрюля нужна была.	бытовой
Первое правило клуба прокрастинаторов: создать наконец-то клуб.	другой
"Ничто в доме не хранится столь трепетно, как ненужный хлам под названием ""вдруг пригодится?""."	бытовой
"Ничто в доме не хранится столь трепетно, как ненужный хлам под названием ""вдруг пригодится?""."	другой
В Киеве, разговор по телефону с мамой:- Ты в шапке?- Да, мама, не волнуйся: в шапке, в каске, с противогазом!	политический
В Киеве, разговор по телефону с мамой:- Ты в шапке?- Да, мама, не волнуйся: в шапке, в каске, с противогазом!	другой
- Официант, у меня в супе муха!- Не волнуйтесь, паук на хлебе ее обязательно поймает.	другой
- Официант, у меня в супе муха!- Не волнуйтесь, паук на хлебе ее обязательно поймает.	бытовой
В жизни каждого человека есть два самых важных дня: первый - когда он родился, второй - когда понял, зачем.	другой
Бабушка с плохим зрением так любит кошек, что 3 дня отпаивала молоком выброшенную шапку.	бытовой
Если вы договариваетесь с собой - это эгоизм, если нет - шизофрения.	бытовой
Внучка сделала открытие! По ее мнению, дни от тепла летом удлиняются, а зимой от холода укорачиваются.	бытовой
Минский метрополитен тоже готовит свои шутки к 1 апреля. Теперь перила и ступеньки будут ездить в разные стороны.	бытовой
"Песков заявил, что понятия кровной мести в правовом поле нет. А про себя подумал: ""Потому что нет и правового поля""."	политический
Интересно, антипрививочники ставят антивирус на компьютер или они только своих детей ненавидят?	бытовой
- Внучек, у вас рыба свежая?- Ну, бабуль, конечно, свежая. Она же живая.- Я - тоже живая.	другой
Если во время бессонницы вместо овец считать красивых знакомых девушек, то вы точно не заснете.	пошлый
- Санитар, куда мы едем?- В морг.- Так я же еще не умер!- Так мы еще и не приехали...	другой
- Санитар, куда мы едем?- В морг.- Так я же еще не умер!- Так мы еще и не приехали...	бытовой
Директор фирмы наткнулся на объявление по продаже того же, чем торгует он сам, только дешевле и решил позвонить. И узнал голос сторожа со своего склада.	бытовой
- Как вы посмели ударить полицейского?- Да это же мой одноклассник!- Это не имеет значения. К должностному лицу следует относиться уважительно, даже если это ваш отец.	бытовой
Пикеты владельцев невыигравших лотерейных билетов прошли сегодня в Москве.	другой
Когда я ем - я глух и нем.Когда я пью - я гораздо коммуникабельней.	другой
Когда я ем - я глух и нем.Когда я пью - я гораздо коммуникабельней.	бытовой
Жили-были старик со старухой, и жили они настолько долго, что четыре квартиры, три автомобиля и загородный дом, достались им в наследство от правнуков.	бытовой
- Девушка, а что вы делаете в субботу вечером?- Позвоните в воскресенье. Я расскажу...	бытовой
Может Путина даже еще и наградят за спасение Навального. Секретно конечно. ЦРУ как никак.	политический
Приходит пациент к врачу и начинает жаловаться. И то болит, и другое болит. Врач ему и говорит:- Вам надо срочно бросать курить, пить только по большим праздникам и в меру. Не задерживаться на работе. Приходить домой не позже семи часов вечера.- Достаточно, доктор, остальное мне расскажет жена.	другой
А ведь я мог бы быть богатым, будь у меня деньги.	бытовой
Благовоспитанная девушка из консервативной семьи прогуливается в парке вечером, садится на скамейку. Тут подходит бомж:- И не стыдно, девушка?- Мужчина, я приличная девушка, за что это вдруг?- Приличные девушки на чужих кроватях не сидят!	бытовой
Чем больше тебе пофиг, тем счастливее ты будешь.	бытовой
Чемпионат мира по дартсу был прерван внезапно открывшейся дверью.	другой
- А насколько больно делать тату?- Ну, как, терпимо, но смотря где делаешь.- В Челябинске, а что?	бытовой
Вы верите в любовь с первого взгляда, или мне пройти мимо Вас еще раз?	бытовой
Грузин запустил руку в штаны и чешет там с удовольствием. Другой его спрашивает:- Што, дарагой, канец чешешь?- Нет, середину...	пошлый
- Что случилось с Петровым? Почему он не ходит на рыбалку?- А, он женился на той девушке, помнишь, которую вытащил из реки, когда она тонула.- Так, а на рыбалку-то почему не ходит?- А он теперь воды боится!	бытовой
- Алло, а это клуб переспрашивающих мудаков?- Переспрашивающих мудаков?	другой
Планшет был изобретен для того, чтобы люди, наконец, перестали сидеть в интернете, и начали в нем лежать.	бытовой
"Пациент рассказывает:- Когда я был ребенком, врач мне сказал: ""Не перестанешь грызть ногти - вырастешь идиотом"".- И почему же Вы не перестали?"	бытовой
"Пациент рассказывает:- Когда я был ребенком, врач мне сказал: ""Не перестанешь грызть ногти - вырастешь идиотом"".- И почему же Вы не перестали?"	другой
- Ты видел? Она мне улыбнулась...- Не переживай, я когда тебя увидел месяц ржал!	бытовой
- Ты видел? Она мне улыбнулась...- Не переживай, я когда тебя увидел месяц ржал!	другой
Студента после экзамена спрашивают одногрупники:- Ну как, сдал?- Сдал. Уж он меня топил, топил, а я выплыл.Преподаватель после экзамена про этого же студента своим коллегам:- Уж я его тянул, тянул, еле вытянул.	бытовой
"Калий, натрий и фосфат, вместе мы ""Фруктовый Сад""!"	бытовой
"Калий, натрий и фосфат, вместе мы ""Фруктовый Сад""!"	другой
Прикольная сейчас мода у молодежи: голые щиколотки, а на шее плед. Он, видимо, нужен, чтобы впитывать сопли. Другого объяснения я не нашел.	бытовой
- Дети, что мы получим, если разделим шесть человек пополам?- Три.- Нет. Мы получим срок за групповое убийство.	другой
Познакомлюсь с высоким брюнетом до 40 лет, спортивного телосложения, с чувством юмора, обеспеченным, с автомобилем. О себе: 47 лет, рост 163, вес 88, курю, люблю выпить, имею небольшой доход, есть дети, живем вместе с мамой в общежитии. Где ты мой Мурзик?	другой
Встречаются два охотника. Один говорит:- Я теперь на лису с хомячком хожу!- А почему с хомячком?- Берешь хомячка, даешь ему бутылку водки и пускаешь в нору к лисе!- И что?- И через 15 минут они покурить выходят!	бытовой
Встречаются два охотника. Один говорит:- Я теперь на лису с хомячком хожу!- А почему с хомячком?- Берешь хомячка, даешь ему бутылку водки и пускаешь в нору к лисе!- И что?- И через 15 минут они покурить выходят!	пошлый
"Заболела, пошла к врачу в поликлинику. Сижу в очереди - насморк, кашель... Вопрос бабульки: ""Зачем больная еще и сюда приперлась?"" поставил в тупик."	бытовой
"Заболела, пошла к врачу в поликлинику. Сижу в очереди - насморк, кашель... Вопрос бабульки: ""Зачем больная еще и сюда приперлась?"" поставил в тупик."	другой
Мальчик Витя не может уснуть, потому что боится, что мама смоет его в унитаз, как уснувших рыбок.	бытовой
Это была явно не русская женщина - выбегая из горящей избы, она попала под коня.	политический
Это была явно не русская женщина - выбегая из горящей избы, она попала под коня.	другой
Это была явно не русская женщина - выбегая из горящей избы, она попала под коня.	бытовой
Главные враги шампанского - шоколад и губная помада.Шоколад полностью убивает вкус напитка, а вещества, входящие в состав помады, нейтрализуют тонкость букета. Пейте водку!	другой
- Милая, деньги в кармане пиджака. Возьми, сколько тебе надо.Жена, покопавшись по карманам:- Еще столько же надо!	бытовой
"Стало известно, за что Лавров обозвал саудовского министра ""дебилом"" - тот сказал, что нефтедоллары нужно не разворовывать, а вкладывать в развитие страны..."	политический
Независимо от модели гаджета, у каждого гражданина РФ есть простой и быстрый доступ к камере.	политический
"Всегда учу внука быть джентльменом. Как-то выходим из ТЦ, внук прорывается вперед, открывает дверь перед группой пожилых леди и кричит мне: ""Деда, смотри, я, как джентльмен, держу дверь для кучки старух!""."	бытовой
Не в деньгах счастье - человек, имеющий десять миллионов долларов, может быть ничуть не счастливее человека, имеющего девять.	бытовой
Не в деньгах счастье - человек, имеющий десять миллионов долларов, может быть ничуть не счастливее человека, имеющего девять.	другой
Ничто так не указывает на материальность мысли, как эрекция.	пошлый
Каждого, кто отведает ее стряпню, ждет казнь на керамическом стуле...	бытовой
- Что нового?- Сражаюсь с алкоголизмом!- Судя по всему, плечом к плечу?- Пока так.	бытовой
- Что нового?- Сражаюсь с алкоголизмом!- Судя по всему, плечом к плечу?- Пока так.	другой
Христианство поставило крест на всех предыдущих религиях.	другой
Христианство поставило крест на всех предыдущих религиях.	политический
Знаете, почему Кубу называют островом свободы?По местному преданию именно на нем провел свои счастливейшие 28 лет до женитьбы Робинзон Крузо.	бытовой
Поручик Ржевский на последней вечеринке мутил воду. Воду в фонтане долго пришлось промывать.	бытовой
Кащей Бессмертный решил прогуляться по лесу. Охрипли три кукушки.	бытовой
Кащей Бессмертный решил прогуляться по лесу. Охрипли три кукушки.	другой
- Как тебе новая секретарша?- Английского не знает, но языком владеет в совершенстве...	пошлый
Вернулись с супругой из магазина. Достаю из пакета пироженки с кремом, а из них крем выдавился, я и говорю:- И чо это оно лезет?А жена мне:- Был бы ты акушером, это была бы твоя коронная фраза!	другой
Вернулись с супругой из магазина. Достаю из пакета пироженки с кремом, а из них крем выдавился, я и говорю:- И чо это оно лезет?А жена мне:- Был бы ты акушером, это была бы твоя коронная фраза!	бытовой
"Письмо из детского спортлагеря: ""Дорогие родители, живу я хорошо. Вчера у нас были соревнования по боксу. Зубную щетку, пасту и другие ненужные предметы высылаю домой""."	бытовой
- Николай Петрович, можно мне двух крепких мальчиков?- Вам, наверное, что-то тяжелое надо перенести?- Да, разлуку...	пошлый
Каждый третий американец страдает от ожирения. А каждый второй-плюнул и радуется жизни.	политический
Я все больше убеждаюсь, что у некоторых людей голова - это декоративное приложение к жопе.	пошлый
Никогда не доверяйте человеку, у которого ничего нет. Ему нечего и некого будет продать кроме вас.	другой
Власти хотят сократить число бедных.Черт, мне страшно...	политический
В детском саду:- Ребята, кем вы хотите стать в будущем?- Я - бизнесменом, они богатые.- Я - артистом, суперзвездой...- А я хочу быть хреном - он все знает!	бытовой
Идет пара по темной подворотне. Вдруг навстречу выходят три амбала:- Сигареты есть?- Дорогая, беги!- Сам беги! Почему, как за сигаретами, так сразу я?	другой
Утверждение, что джентльменов не встретишь в наше время, несправедливо! Сегодня я, например, видела, как мужчина держал зонт над женой, пока та меняла колесо.	бытовой
Мужчины - проблемы лишь для глупых женщин, для умных же они - решение проблем.	бытовой
- Владимир Владимирович, почему в России непрерывно все дорожает?- Здесь вы абсолютно неправы, вот рубль, например, дешевеет!	политический
Коротко об инфляции:- Дайте, пожалуйста, рублевый пакетик.- С вас 2 рубля.	политический
Стал похож на пельмень - кожа бледная, а внутри мясо.	бытовой
Ни что так не сплачивает и не объединяет давно не видевшихся родственников, как совместный поход к нотариусу.	бытовой
Если обычный человек перестал бриться и сменил костюм на майку в пятнах и рваные джинсы, возможно, он потерял хорошую работу.Если дизайнер перестал бриться и сменил костюм на майку в пятнах и рваные джинсы, он только что нашел хорошую работу.	другой
"Надпись в маршрутке: ""Тише скажешь - дальше выйдешь!""."	бытовой
- Доктор, а почему у меня борода не растет?- Все закономерно: вы же женщина...- Я еще и женщина?	другой
"На столе лежат две книги: тонкая и толстая. На тонкой написано: ""Логика"". На толстой: ""Женская логика. Том первый""."	бытовой
"На столе лежат две книги: тонкая и толстая. На тонкой написано: ""Логика"". На толстой: ""Женская логика. Том первый""."	другой
- Привет! Что было хорошего, пока меня не было?- Все было хорошо, пока тебя не было.	другой
"Самая распространенная фраза в первую брачную ночь: ""И здесь всего 500 рублей, а еще друзья называются""."	бытовой
Ум - это способность находить убедительные оправдания собственной глупости.	другой
Иногда Пугачева поддается возрастным традициям и называет проходящего мимо Галкина наркоманом.	бытовой
"Просьба к родителям: ""Делая детей, доделывайте их до конца""."	пошлый
"Просьба к родителям: ""Делая детей, доделывайте их до конца""."	бытовой
- Как вам не стыдно! Люди кругом, а вы селфи делаете!- Извините, очень захотелось.- Захотелось, блин. До туалета нельзя было дотерпеть?	бытовой
- Ты вчера выиграл крупную сумму, на что их потратишь?- Если хватит денег куплю квартиру в Москве, а если не хватит, тогда приобрету остров в теплых краях!	бытовой
Хитроумный отец, чтобы скрыть грязь на обоях в углу, по приходу гостей поставил туда своего сына.	бытовой
Российские ученые выяснили, что на сельских дискотеках шансы забеременеть и умереть примерно равны.	бытовой
Не верь, не бойся, не проси - азы вождения автомобиля в городе Москве.	бытовой
Встретились два экстрасенса. Один спрашивает у второго:- Ну, и как мои дела?	другой
Встретились два экстрасенса. Один спрашивает у второго:- Ну, и как мои дела?	бытовой
- Специалисты утверждают, что зарплата у населения растет.- А население говорит, что нет.- Но ведь они же не специалисты...	политический
- Специалисты утверждают, что зарплата у населения растет.- А население говорит, что нет.- Но ведь они же не специалисты...	бытовой
- Девушка, а вы мне отдадитесь за 100 баксов?- Вам завернуть?- Что завернуть?- Губу...	пошлый
В Австралии свинья украла 18 банок пива, напилась и подралась с коровой.	другой
Врач говорит пациенту:- У меня для Вас две новости: одна плохая, а другая - хорошая.- Тогда начнем с плохой.- Вам нужно ампутировать ноги, а хорошая новость - у меня есть покупатель для ваших кроссовок.	бытовой
Альтист целый месяц дирижировал оркестром вместо заболевшего дирижера. Когда дирижер выздоровел, альтист сел на свое место. Сосед его спрашивает:- Где ты пропадал столько времени, болел что ли?	бытовой
Садится в такси бабка с автоматом в руках. Обалдевший таксист:- Бабуля, а автомат то тебе зачем?- Так насилуют!- Старая, да кто же тебя насиловать то будет?Бабка передергивает затвор автомата и говорит:- Милок, да ты и будешь!	пошлый
Если у мужчины родился сын, то он становится отцом, а если родилась дочка - он становится папулей...	бытовой
- Моня, тут в интернетах пишут, что в России заложили новый авианосец. Вы таки не знаете в какой ломбард?	другой
- Моня, тут в интернетах пишут, что в России заложили новый авианосец. Вы таки не знаете в какой ломбард?	политический
Встретились новый русский и студент.Студент жалуется:- Денег мало, голодаю - последние 3 дня совсем ничего не ел!Новый русский:- Ну-у, брат, заставлять себя надо!	политический
Встретились новый русский и студент.Студент жалуется:- Денег мало, голодаю - последние 3 дня совсем ничего не ел!Новый русский:- Ну-у, брат, заставлять себя надо!	другой
Объявление в санатории:- Снижены цены на терапию голоданием, узнать подробности можно в тринадцатом кабинете.	бытовой
Если еврей сказал, что не брал, значит он не отдаст.	политический
Русская народная примета: что в мире ни случается - это к росту цен!	бытовой
Русская народная примета: что в мире ни случается - это к росту цен!	политический
"В лаборатории органической химии фраза ""Что ты гонишь?"" приобретает иной смысл."	бытовой
С ребенком в кинотеатре на мультфильме. Перед началом сеанса идет реклама - трейлеры. Надпись - ограничение по возрасту 0+.Тут начинается сам мультфильм, надпись - ограничение по возрасту 6+. Рядом мальчик заелозил, руки потирает:- О! 6+, вот сейчас трэш начнется!	бытовой
"Знакомая при попытке объяснить знак ""/"" на словах выдала фразу: ""Ну этот, хай гитлер вправо""."	бытовой
"""Почта России"" начнет торговать книгами, и это правильно. Заказал новинку - получил классику."	другой
"""Почта России"" начнет торговать книгами, и это правильно. Заказал новинку - получил классику."	бытовой
Последние пару лет на работе беру отгул на 1 сентября.Посыпаюсь в 8 утра и присаживаюсь у окна.Мимо проходят хмурые школьники, которым я все лето завидовал, что у них каникулы, а я такой в теплом пледике и с рюмочкой коньячка...	бытовой
- Я слышал, Сема, что ты выдаешь дочь за сына соседа, с которым уже несколько лет не разговариваешь.- Да. Это единственный способ отомстить ему.	бытовой
- Я слышал, Сема, что ты выдаешь дочь за сына соседа, с которым уже несколько лет не разговариваешь.- Да. Это единственный способ отомстить ему.	другой
Алкоголик, глядя на березу:- Мне бы столько почек.	бытовой
Мне посоветовали почитать Анну Каренину. О чем она пишет? Какие книги есть у нее, подскажите?	бытовой
"Из рапорта: ""Из лифта неожиданно выскочила собака и хозяйка, которая начала гавкать""."	бытовой
Врач - пациенту:- У меня для вас две новости: хорошая и плохая.- Давайте сначала плохую.- Вам придется ампутировать ногу.- А хорошая?!- Это будет только через три недели...	другой
- Можно ли играть колобком в боулинг?- Колобком нет, а его женой - запросто.	пошлый
В отделе кадров:- Вы что-то выглядите недостаточно подвижно для своего возраста.- А Вам кто нужен: программист или обезьяна?	бытовой
Лайфхак: если хочешь забрать все призовые игрушки из тира, то целиться нужно не в игрушки.	другой
Клоун в законе наколол себе на спине купол цирка.	другой
Когда меня моим родителям принес аист, они долго смеялись и сначала хотели взять аиста, но потом передумали и взяли меня.	другой
- Дорогая, в этом году я исправился и вовремя выкинул елку, ты даже не успела меня упрекнуть!- Как, ведь я же купила искусственную?	бытовой
После разгона гей-парада в столице, полицейские не досчитались восемнадцати резиновых дубинок.	пошлый
- Девушка, сколько время?- Два часа - 50 баксов.	пошлый
Все, с завтрашнего дня перестаю откладывать дела на завтра.	бытовой
"Я, конечно, понимаю, что скромность украшает, но назвать книгу, поступившую к нам на редактуру и повествующую об индивидуальном обучении бальным танцам, просто ""Я и бал"" - это верх скромности..."	пошлый
Первое сентября. Мама спрашивает у первоклассницы:- Ну и как прошел первый день в школе?- Первый день? Только не говори мне, что завтра я должна идти туда снова!	бытовой
Рабочий сорвался со строительных лесов. Его напарник кричит вслед:- Поднажми, Вася! За тобой кирпич летит!	бытовой
Приходит вовочка к соседке и говорит:- Тете клава дайте баночку варенья.- Конечно, конечно деточка. Куда тебе налить?- Да никуда. Я здесь сожру!	бытовой
- Ты что, расистка?- В первую очередь, я белый человек!	другой
Люблю слушать правду о других. А о себе - не очень. Вечно или правда неправильная, или правильно подать не умеют.	другой
- Бэрримор, кто это ночью выл на болотах?- Простите, сэр, накопилось.	другой
- Бэрримор, кто это ночью выл на болотах?- Простите, сэр, накопилось.	бытовой
В центре Москвы загорелось здание Центробанка России. Причина возгорания: перегрелся аппарат, считающий зарплату директора.	другой
Поспорили как-то чиновник и депутат, у кого тачка круче:- Вы будете работать или болтать? - прикрикнул охранник на заключенных, перевозивших бетон на стройке.	политический
"Как показал последний соцопрос, для 62 процентов российских мужчин понятия ""отпуск"" и ""запой"" тождественны. Остальные просто не знают смысла слова ""тождественны""."	бытовой
"Как показал последний соцопрос, для 62 процентов российских мужчин понятия ""отпуск"" и ""запой"" тождественны. Остальные просто не знают смысла слова ""тождественны""."	другой
- Святой отец, для чего Спаситель заповедал, после того как ударили по левой щеке, подставить правую?- Чтобы челюсть встала на место, сын мой.	другой
Я уже нашел свою половинку. Она состоит из двух четвертинок.	бытовой
- Вы знаете, вчера ваш Изя изнасиловал таки нашу Розочку!- Вчера!? В субботу!?	пошлый
- Почему она все время спрашивает, как у меня на личном фронте?- Хочет на передовую...	пошлый
Начитался добрый доктор Айболит сказок про Робин-Гуда и стал отрезать лапы богатым животным и пришивать их бедным.	другой
- Мы женаты всего два дня, а ты уже начинаешь на меня ругаться?- До тебя у меня было уже пять мужей, поэтому мне лучше знать, когда начинать ругаться!	бытовой
- В рамках борьбы с пылевыми клещами перевернули спальный матрас. Представляешь, теперь у тех клещей наступила ночь, а у этих - день...	бытовой
- Почему официант постоянно бегает в туалет?- Не давайте ему так много на чай.	пошлый
- Почему официант постоянно бегает в туалет?- Не давайте ему так много на чай.	другой
Пенсионер в магазине:- Дочка, я тут у вас отличную колбаску за 89,90 брал неделю назад. До сих пор ем, и в холодильнике она ничуть не испортилась!- Дедуль, так а что с картоном в холодильнике-то будет?!	бытовой
Пенсионер в магазине:- Дочка, я тут у вас отличную колбаску за 89,90 брал неделю назад. До сих пор ем, и в холодильнике она ничуть не испортилась!- Дедуль, так а что с картоном в холодильнике-то будет?!	другой
"""Почта России"" - это мы изобрели сухофрукты!"	политический
"""Почта России"" - это мы изобрели сухофрукты!"	другой
- Вовочка, зачем ты обклеил все стены эротическими картинками?- А что, мне на голые стены смотреть?	пошлый
- Милый - может, мне прическу поменять, волосы назад зачесать?- Ты что - сдурела? Где волосы, а где зад?!	пошлый
- Милый - может, мне прическу поменять, волосы назад зачесать?- Ты что - сдурела? Где волосы, а где зад?!	бытовой
Подходит пьяный к милиционеру:- Товарищи милиционеры! Между вами можно пройти?- Да! Только по одному.	другой
Подходит пьяный к милиционеру:- Товарищи милиционеры! Между вами можно пройти?- Да! Только по одному.	бытовой
Когда на даче жаришь шашлыки, то каждый подходящий считает своим долгом помешать угли или повернуть шампуры, хотя ты это только что делал. Но вот когда копаешь землю, никто из подошедших не берет лопату и не продолжает тобою начатое дело...	бытовой
Монах-отшельник нарушил тридцатилетний обет молчания, узнав курс евро.	политический
Если тебе отрубили руки, можно всю жизнь хныкать и обвинять несправедливую судьбу.А можно научиться дрочить ногами!	пошлый
Диалог на рынке.- Дамочка, а у меня есть кофточка, как раз на Вас.- А мужика на меня нет?	бытовой
Добраться до вершины не так сложно, как пробраться через толпу у ее основания.	другой
"Коробочка слабительного чая, в ней 12 упаковок, называется ""12 стульев""."	бытовой
До сих пор не могу понять, как обезболивающая таблетка понимает, где у меня болит?	бытовой
- Чем быстренько можно температуру сбить?- Ядом.	другой
Обнаружил у себя суперспособность: умение путешествовать во времени. Правда, пока что только вперед и очень медленно.	другой
Гинеколог простыл, в связи с чем сильно охрип. Приходит к нему на прием молодая женщина. Он говорит ей шепотом:- Раздевайтесь.Она разделась и спрашивает тоже шепотом:- А вы почему не раздеваетесь?	пошлый
Я баба нервная, поэтому телефон у меня дешевый и посуда одноразовая.	бытовой
- Не хочешь ли ты принять участие в нашем хоре? Знаешь, просто чудесно! Когда мы собираемся, мы едим, пьем, танцуем, флиртуем...- А когда же вы поете?- Ночью, когда возвращаемся домой.	бытовой
- В Узбекистане прошла уникальная операция МВД по уничтожению наркотиков! Как вам это удалось?!- Ну, эту операцию мы провели при содействии Пауэр Рейнджеров, потом Гендальф Белый подоспел, джедаи неплохо помогли...	другой
Чубайс стал спецпредставителем по связям с международными организациями. Тревожно за организации.	политический
"Новая книга Билла Гейтса: ""Майн комп""."	бытовой
- Чтобы не переедать во время обеда, я за полчаса до обеда ем две тарелки пельменей.	бытовой
Самое вместительное пространство - сфинктер кота. Там находится большая часть всех трудов человечества.	другой
- Вот вам мельдоний, и чтобы объект был сдан вовремя!- Баловство все это, Виталий Леонтьевич, нам бы водочки...	другой
- Вот вам мельдоний, и чтобы объект был сдан вовремя!- Баловство все это, Виталий Леонтьевич, нам бы водочки...	бытовой
Судья говорит свидетельнице:- Ваш возраст?- Все дают мне 18 лет! - кокетливо отвечает свидетельница.- Будете выдумывать, я вам сейчас пожизненное дам!	другой
Проспала 12 часов и не выспалась. Хм, я такая ненасытная в постели.	другой
Нынешнее поколение в завещании будет оставлять логины и пароли от социальных сетей.	бытовой
Выбери Путина четыре раза - Медведев в подарок!	политический
Если вам чинят препятствия, за ремонт платить не обязательно.	бытовой
В кабинете у врача. Врач долго осматривает пациента, потом с глубокомысленным видом ставит диагноз:- Ну-с, голубчик, правое легкое надо удалять...- Но, доктор, оно же у меня не болит!- Надо, голубчик, надо. Иначе печень не поместится.	бытовой
Алкоголик Сидоров отправился в лес к белкам с ответным дружественным визитом.	бытовой
Самое страшное в работе крановщика башенного крана - это понос.	пошлый
"Неправда, что ""умом Россию не понять"" - просто все, кто понял, давно уехали."	политический
"Хорошая работа - это если ты раз в неделю говоришь себе ""слава Богу, уже пятница!"".Плохая работа - это если ты раз в день говоришь себе ""слава Богу, уже вечер!""."	бытовой
Он хотел многого добиться в карьере.Но, кроме песка и глины, там ничего не было.	другой
Лучше быть обнуленным, чем вечно живым. Ленин.	политический
Парень заходит в женскую общагу. Вахтерша:- Молодой человек, вы к кому?- Да мне все равно, у меня водка!	пошлый
Парень заходит в женскую общагу. Вахтерша:- Молодой человек, вы к кому?- Да мне все равно, у меня водка!	бытовой
Заместитель говорит своему шефу:- Шеф, я придумал, как наша компания может сэкономить немалую сумму!- Федя! Ты что, увольняешься?!	другой
За нас с вами, и за хрен с ними!	бытовой
Входит ежик в аптеку. Подходит к продавцу и говорит:- Мне 90 презервативов.Сзади стоят 2 белочки:- Ха-ха-ха-ха.Ёжик молча поворачивается:- 92 презерватива.	пошлый
Приходит гитарист на репетицию и видит следующую ситуацию: басист лупит барабанщика, тот орет благим матом. Гитарист спрашивает:- Пацаны, в натуре, вы что делаете, а?Басист, отрываясь от барабанщика:- Этот гад мне струну расстроил, и не говорит какую!	другой
Умную бомбу последнего поколения кое-как сумели вытолкать из самолета.	политический
Ныряя на большую глубину, помните: запас воздуха ограничен! Поэтому старайтесь разглядеть самое интересное.	другой
Подсудимый:- Почему вы меня судите за оскорбление, унижение и насмешку? Меня надо судить за покушение на убийство!Судья:- И вы всерьез верите, что смогли бы убить тещу мухобойкой?	бытовой
Благодаря училке физики, я на всю жизнь запомнил, что трение скольжения самое приятное.	пошлый
Сошлись как-то Илья Муромец и Соловей-разбойник.Но церковь была против этого брака...	пошлый
Большинством голосов Белоснежка и семь гномов проголосовали за секс, при одном голосе против.	пошлый
Самое лучшее упражнение для рук - пересчитывание денег...	бытовой
Недавно пересел из Мерса на КамАЗ и не жалею... никого не жалею.	другой
А все вокруг такие невинные, такие правильные и хорошие, что складывается впечатление, что в аду гореть буду я один.	бытовой
Любая одежда может быть модной, если вам пофиг.	бытовой
Если бы были показаны реальные результаты Грудинина, то ему пришлось бы не усы сбривать, а в дополнение к ним, отращивать еще и бакенбарды с эспаньолкой...	политический
Собеседование при приеме на работу:- Ну, а как у Вас с высшей математикой?- Несчастная любовь...- Это как?- Я ее любил, но она мне так и не далась.	бытовой
Собеседование при приеме на работу:- Ну, а как у Вас с высшей математикой?- Несчастная любовь...- Это как?- Я ее любил, но она мне так и не далась.	пошлый
Выборы становятся демократичнее.Раньше, когда в бюллетене было всего три клетки, многие воспринимали это буквально и вписывали туда слово из трех букв.А восемь клеток дают гораздо больше возможностей выразить отношение к кандидатам.	политический
Идет по лесу турист.Вдруг навстречу выходит медведь:- Ты кто?- Я, турист!- Врешь, турист - это я, а ты - завтрак туриста!	другой
В доброй сказке добро всегда побеждает зло. В страшной - тоже, но лишь после того, как обездвижит его, растопчет и жестоко забьет до смерти!	другой
- Пап, а для чего отмечается День знаний?- Что за глупые вопросы? Ты же сын владельца сети цветочных магазинов!	другой
- Вы что хотите меня распять.- Нет раз шесть.- У вас ничего не выйдет.- Зато как войдет.	пошлый
Мы очень хитрая страна. Наши спецслужбы под видом частных лиц скупают виллы вдоль побережья Испании, Франции и Майами, чтобы у этих стран не осталось выхода к морю.	политический
- Бэрримор, какая странная у вас шпага!- Это арматура, сэр.	другой
"Какой же идиот мог догадаться в анкете на вопрос: ""самый старший чл@н семьи"" ответить - ""дедушкин""?!"	пошлый
Как трудно молчать, когда тебя не спрашивают...	бытовой
- Когда ты трезв, то такой, как все, а когда пьян - словно луч солнца.- Что, такой яркий и привлекательный?- Нет, постоянно отражаешься от стенок и падаешь на пол.	бытовой
- Когда ты трезв, то такой, как все, а когда пьян - словно луч солнца.- Что, такой яркий и привлекательный?- Нет, постоянно отражаешься от стенок и падаешь на пол.	другой
И было у старика Шумахера три сына: двое гонщиков, а третий - водитель маршрутки...	бытовой
Лайфхак: если талончиков к психиатру нет, просто напишите пару постов в соцсети и вам тут же выставят диагноз!	другой
Нанотехнология - вложение огромных денег, чтобы результат не был виден и под микроскопом.	другой
Муж:- Хочешь, тр@хнемся по-быстренькому?Жена:- А что, есть другие варианты?	пошлый
Каждая тупая овца мечтает о своем. Овечном...	бытовой
Каждая тупая овца мечтает о своем. Овечном...	другой
Не переживай, что у тебя тонкий член! Для какой-нибудь старой девы он может стать спасительной соломинкой.	пошлый
Ограничения сняли, а лопоухость осталась. Можно хлопать ушами и радоваться.	бытовой
Ограничения сняли, а лопоухость осталась. Можно хлопать ушами и радоваться.	другой
Дачник застукал соседского мальчишку на яблоне, на своем участке:- Вот, я поговорю с твоим отцом!Пацан переводит взгляд вверх и говорит:- Пап, тут дядя Вася с тобой поговорить хочет!	бытовой
Чтобы пешеходы в России стали полноправными участниками дорожного движения, им надо выдать номера. А чтобы их уважали - автоматы.	другой
Если я и признаю, что этот мир сотворил бог, то этот мир был его троечным дипломным проектом, где он учился на бога в институте.	бытовой
Жена - мужу:- У меня никогда не было романов на стороне, а ты можешь сказать то же самое?Муж:- Да, Романов не было. Были Ани, Оли, Кати...	другой
Жена - мужу:- У меня никогда не было романов на стороне, а ты можешь сказать то же самое?Муж:- Да, Романов не было. Были Ани, Оли, Кати...	бытовой
Жена - мужу:- У меня никогда не было романов на стороне, а ты можешь сказать то же самое?Муж:- Да, Романов не было. Были Ани, Оли, Кати...	пошлый
Жительница Новосибирска наладила производство мыла в форме бюста Путина. Два обмылка уже стали губернаторами.	политический
К директору театра обращается пожилой актер:- Месье, я служу в этом театре двадцать лет. И мне кажется, что уже можно подумать об улучшении моего финансового положения!- Хорошо, я распоряжусь, чтобы вам отдали все роли, в которых приходится есть на сцене...	бытовой
Парень подруге:- Сделаешь мне минет?- Я плохо умею его делать. Давай лучше в другой раз.- Не понял. А где ты до другого раза собираешься тренироваться?	пошлый
Жена говорит мужу:- Слушай, дорогой, я думаю пора уволить нашего водителя, он уже 2 раза чуть меня не задавил, когда парковался...- Да ладно тебе, любимая, он хороший парень, давай дадим ему еще один шанс...	бытовой
Худшие враги кошек - это обожающие их дети.	бытовой
Для того, чтобы перебить запах несвежих носков, космонавты на станции МКС начали выращивать горох.	бытовой
- Как Вы похожи на Киркорова!- А я и есть Киркоров!- Вот и он так говорит...	другой
Блондинка Анжела никогда не пересекала двойную сплошную, потому что там две полоски.	пошлый
- Эй таксист!- Я не таксист! Я чемпион мира по шашкам!	бытовой
Женщины, блин, походят 9 месяцев с животом, быстренько родят и всю жизнь гордятся этим, а бедные мужики всю жизнь ходят с пузом и не выпендриваются!	бытовой
Женщины, блин, походят 9 месяцев с животом, быстренько родят и всю жизнь гордятся этим, а бедные мужики всю жизнь ходят с пузом и не выпендриваются!	другой
Дети депутатов Госдумы от фракции ЛДПР даже на уроках математики ничего не решают, но кричат громче всех.	политический
Прелесть курсов по развитию воображения заключается в том, что спустя пару недель вы можете посещать их, не выходя из дома.	другой
После 40 лет уже не нужно устанавливать будильник, потому что ваши проблемы разбудят вас сами.	бытовой
- Я глубоко извиняюсь...- Извиняйтесь глубже, пожалуйста...	пошлый
- А меня не посадят за мошенничество?- Что, за продажу сахарной пудры вместо кокаина?! Не переживай! Пристрелят раньше!	другой
Соскучились по лету и морю? Поставьте вентилятор за кипящим чайником, направьте струю воздуха на себя и закройте глаза. А вопли жены сойдут за крики чаек.	бытовой
Коронавирус был вынужден провести две недели на самоизоляции после того, как заразил Чака Норриса.	бытовой
- Меня же к вам послали!?- Ну мало ли в России кто, кого, куда посылает.	другой
- Меня же к вам послали!?- Ну мало ли в России кто, кого, куда посылает.	политический
Красный уголок - угол дома, который не смог объехать мотоциклист.	другой
Новый красный Ваниш для маньяков! Идеально удаляет кровавые пятна...	другой
Мужик на автомобиле врезался в дерево. Сидит с такими остекленевшими глазами.Подходит к нему ГАИшник и говорит:- Вот видишь, какой ты молодец: пристегнулся и сидишь в машине, а твоя подружка не пристегнулась и теперь вон на дороге с членом в зубах валяется...	пошлый
На привокзальной площади Сочи установлен памятник приезжему лоху.Доехать до него из любой точки города можно за 200 евро.	другой
Женщинам приходится пудрить мозги, потому что естественную красоту женских мыслей мужчины не ценят.	другой
Женщинам приходится пудрить мозги, потому что естественную красоту женских мыслей мужчины не ценят.	бытовой
"Вчера клеил потолочную плитку. Многим, наверное, знакомо.Теперь я понимаю, почему клей называется ""Титан"". Намажешь его на плитку и, потом полчаса тупо держишь потолок."	другой
- Сгинь, нечистая, сгинь!- Ну, ладно, ладно, пойду помоюсь...	бытовой
"- ""Скорую"" вызывали?- Да.- Выходите, машинка подъехала!"	бытовой
"На литературном вечере молодая поэтесса от волнения произнесла первую строчку своего стихотворения быстро, без выражения.Больше она ничего произнести не смогла, так как зал лег.Стихотворение начиналось так: ""Отруби лихую голову""."	пошлый
- Как Вас с такой дикцией взяли на радио?! У Вас что, там блат?- Почему блат? Сестла!	бытовой
- Пойдешь охранником на силикатный завод?- Нет, там воровать нечего.	другой
"Сегодня у нас проходит акция ""Молодежь против наркотиков""! Подходите, пробуйте."	другой
- Люди-то как за это время изменились: добрые стали, все улыбаются, здороваются со мной, машины дорогу уступают.- Так, Гоша - ты автомат-то чего в оружейку не сдал?	бытовой
- Люди-то как за это время изменились: добрые стали, все улыбаются, здороваются со мной, машины дорогу уступают.- Так, Гоша - ты автомат-то чего в оружейку не сдал?	другой
"- Придумайте рифму к слову ""мэр"".- Вор."	политический
Мужчина в парке подсаживает к даме на лавочке:- Извините за назойливость, но вы случайно не педагог?- Да, а вы как догадались?- А у вас лицо глупое.- Что? Хам! У вас у самого лицо глупое!Мужчина грустно:- Я тоже педагог.	другой
Мужчина в парке подсаживает к даме на лавочке:- Извините за назойливость, но вы случайно не педагог?- Да, а вы как догадались?- А у вас лицо глупое.- Что? Хам! У вас у самого лицо глупое!Мужчина грустно:- Я тоже педагог.	бытовой
- А куда это ты с таким букетом?- К венерологу. А цветы - доктору.	другой
Недавно в Москве была обнаружена большая банда зоофилов. Для их поимки были использованы специально обученные овчарки.	пошлый
Если можно, в следующей жизни я хочу быть пандой. Чтобы мне давали бамбук и умоляли тр@хаться, потому что мой вид исчезающий.	пошлый
Еще одна плохая новость для пессимистов. Согласно последним голландским исследованиям, оптимисты живут дольше.	другой
А своего начальника Анатолия Александровича подчиненные ласково называют Анал.	пошлый
Дайте мне гольф-клуб, свежий воздух и красивую женщину в партнеры и можете оставить гольф-клуб и свежий воздух себе.	другой
- Немедленно откройте дверь, это полиция!- Нет, вы будете меня ругать...	политический
"- Выступает хор безногих мальчиков, со своим последним хитом - ""Трава по пояс""."	другой
В психбольнице пациент жалуется врачу:- Я не смогу находиться в одной палате с этим человеком: он считает себя мотоциклом!- И что же вам мешает - грохот?- Да нет, выхлопные газы!	бытовой
"Тихо джипами шурша, ""крыша"" едет не спеша..."	другой
Разговаривают два парня:- Я тут на днях встретился с девушкой, с которой целый месяц переписывался по интернету.- И как?- Я недооценил ее способность работы в фотошопе.	бытовой
- Сколько человек здесь работает?- С бригадиром - десять.- А без бригадира?- Вообще никто не работает.	бытовой
Для того чтобы найти счастье с мужчиной - нужно сильно его понимать и немножко любить.Для того чтобы найти счастье с женщиной - нужно сильно ее любить и даже не пытаться понять.	бытовой
Укладываю спать четырехлетнего сына:- Спокойной ночи сынок! Тебе наверное уже сон про мишку и зайчика снится, да?Сынок, сонным голосом:- Пока еще нет, реклама идет...	бытовой
Навеяло предвыборной агитацией:- Голосуйте за Лужкова, тогда и на вашей улице будет стройка.	политический
Судя по платежкам за коммунальные услуги, налог на роскошь все-таки ввели.	бытовой
Монархия - форма правления, характеризующаяся единовластием, обычно передаваемая половым путем!	пошлый
Отымел или нет Аладин принцессу Жасмин, становится понятно после того, как его имя прочитаешь наборот.	пошлый
"2000: х/ф ""Путин. Начало"".2012: х/ф ""Путин. Возвращение"".2018: х/ф ""Путин. Навсегда""."	политический
Ни дать, ни взять - ангина во время менструации.	пошлый
Приходит новый русский в автосервис:- Ну, че там, в натуре, с моим мерсом?- Короткое замыкание.- Нет базара, удлиняй!	другой
Приходит новый русский в автосервис:- Ну, че там, в натуре, с моим мерсом?- Короткое замыкание.- Нет базара, удлиняй!	пошлый
Интеллигентные люди - это те же самые люди, только они не умеют жить в дерьме.	бытовой
Интеллигентные люди - это те же самые люди, только они не умеют жить в дерьме.	другой
Я теперь понял, что такое раздельное питание. Это когда я ем отдельно и ты ешь отдельно.	бытовой
Бежит заяц по лесу, смотрит куча говна. Нагнулся, посмотрел и на вкус попробовал.- Фу, говно. Хорошо, что не наступил.	пошлый
Бежит заяц по лесу, смотрит куча говна. Нагнулся, посмотрел и на вкус попробовал.- Фу, говно. Хорошо, что не наступил.	другой
"- Я убью тебя! Смотрите в кинотеатрах: ""Он убьет его!""."	другой
- А чего это у тебя на ногах такие ногти желтые?- От курева, наверно...	другой
Мальчик приходит в магазин:- Дайте бутылку водки.- Не дам. Мал еще.- Ну меня папа послал.- Ну послал и что, напиваться из-за этого?	бытовой
На рынке.- Ну, и почем ваша лошадь?- Какая лошадь, я продаю курицу, куда вы смотрите!- Я смотрю правильно, я смотрю на цену.	бытовой
На рынке.- Ну, и почем ваша лошадь?- Какая лошадь, я продаю курицу, куда вы смотрите!- Я смотрю правильно, я смотрю на цену.	другой
"Есть такая поговорка: ""Когда я ем, я глух и нем"". Я конечно понимаю, нем, потому что ешь... Но как надо так жрать чтобы уши закладывало?"	бытовой
- В куклы играют общительные маленькие девочки.- И необщительные большие мальчики.	другой
Готов аргументированно отстаивать свою точку зрения! Сейчас только аргумент перезаряжу...	бытовой
Владелец микролитражки везет приятеля.- Скажи, а что это за каменная стена, вдоль которой мы едем?- Это не стена, это бордюр тротуара.	бытовой
- Почему на рекламе кредитов изображены люди, которые всегда смеются?- Они смеются над теми, кто эти кредиты берет!	бытовой
Президент и премьер заходят в аптеку.Президент:- Два гондона.Аптекарь:- Я вижу. Покупать что-нибудь будете?	пошлый
На вахте в общежитии:- Вы к кому?- А вы кого порекомендуете?	бытовой
Это смотря зачем. Если совсем незачем, то кто сделает, если не ты?	другой
Девушки, как пули со смещенным центром тяжести: попадают в сердце, бьют по карману, а выходят боком...	бытовой
Душа болит, а начнешь лечить - печень болит!	бытовой
Душа болит, а начнешь лечить - печень болит!	другой
Террорист-смертник в зоомагазине кричит:- У вас есть 30 секунд, чтобы выйти из помещения, прежде чем я его взорву!Черепаха:- Вот сволочь!	другой
Я бы с удовольствием сразился с тобой в интеллектуальной дуэли. Но ты, как я вижу, без оружия...	другой
Я бы с удовольствием сразился с тобой в интеллектуальной дуэли. Но ты, как я вижу, без оружия...	бытовой
Только в России вы можете посмотреть на стриптизершу с двумя высшими образованиями, одно из которых - педагогическое.	бытовой
- Что неприятнее будильника, который может звенеть?- Будильник, который звенит.	бытовой
Вовочка - учительнице:- Марь Иванна, вот вы мне двойки ставите, а я вырасту, стану большим человеком и покажу вам.- Путин, не препирайся.	политический
Секс по телефону это конечно прикольно, но раньше в эпоху пейджеров было интереснее - звонишь сначала оператору, и диктуешь, диктуешь...	пошлый
Маленький Мика Хаккинен записался в секцию картинга.Отец его спрашивает:- Ну и чему вас учили на первой тренировке?- Обливаться шампанским.	другой
Маленький Мика Хаккинен записался в секцию картинга.Отец его спрашивает:- Ну и чему вас учили на первой тренировке?- Обливаться шампанским.	бытовой
Если полицию переименовать в полюцию, то она будет появляться у преступников гораздо внезапнее.	пошлый
"- У нас админ странный, читает анекдоты за 2005 год, ржет и ставит минусы с возгласом ""Баян""."	бытовой
- Как вы находите мою грудь?- С трудом...	пошлый
Я, похоже, вывихнул мозг нашей секретарше, когда поинтересовался у нее, а занесена ли книга инвентарного учета в саму себя...	другой
Хорошо, что 24 июня выходной будет, а то страна устала от работы.	другой
Хорошо, что 24 июня выходной будет, а то страна устала от работы.	политический
Чем толще я становлюсь, тем дешевле принимать ванну.	бытовой
Не хочешь давать сдачи? Бей первым и убегай!	бытовой
"- Папа, а что означает слово ""х%й""?- Ну это смотря в каком контексте..."	другой
И что это такое нарисовано на конадском флаге, что это пришлось прикрыть листиком?	пошлый
И что это такое нарисовано на конадском флаге, что это пришлось прикрыть листиком?	другой
"Преподаватель, заканчивая лекцию: ""Я кончил. Вытрите с доски""."	пошлый
"Скептически оглядев свою старенькую машинку и поношеную шубку, юрист Аня подумала: ""Техника минета освоена не в полном объеме""."	пошлый
В средние века люди не боялись делать зло друг другу. Земля-то была не круглая.	другой
Если вас мучает неукротимый кашель, вы каждые три секунды чихаете и сморкаетесь, а лекарства не помогают, сходите на концерт симфонической музыки или в театр. Зачем? Не знаю, но многие так делают, видимо, помогает.	другой
Новый ребрендинг МТС. Теперь их будет два.	другой
- Выходи за меня?- А что там... за тобой?	бытовой
- Слушай! Ты мне своими намеками уже все трусы порвал!	пошлый
- Ты слышал, что Петров - амбидекстр?- Кто?- Петров.	другой
Жена унижает мужа:- Я была глухая и слепая, когда выходила за тебя замуж!- Вот видишь, от каких болезний я тебя исцелил.	бытовой
Кризис - это когда покупаешь в магазине веревку, а на мыло не хватает денег.	другой
Самые-самые изобретения XX века: непромокаемый пакетик с чаем и фонарик на солнечных батарейках.	бытовой
- Я теперь знаю, почему англичане такие заядлые любители чая!- И почему же?- Я их кофе попробовал!	другой
- Я теперь знаю, почему англичане такие заядлые любители чая!- И почему же?- Я их кофе попробовал!	политический
"У вас умерла теща, а вы не чувствуете себя грустно? Рябиновый сок ""Поминальный"" - ощути горечь утраты!"	другой
Любимая! Я вчера два раза кончил! Как жаль, что тебя рядом не было.	пошлый
Не вводи меня в возбуждение, держи себя в трусах!	пошлый
Дорогие родители, учите своих детей кушать левой рукой. Потом сидя за компом они скажут вам спасибо.	бытовой
Собрался было бегать по утрам, на восходе солнца. Остановило то, что магазины еще закрыты.	бытовой
У поручика Ржевского спрашивают:- Поручик вы стрелялись когда-нибудь из-за женщины?- Нет. Из-за дерева стрелялся, а из-за женщины не приходилось!	другой
Плавание - разве это спорт? На болевой не возьмешь, подножки запрещены, душить нельзя!	бытовой
В ответ на террористические акты неизвестного происхождения военное ведомство США готовится нанести ракетные удары куда попало.	политический
Взаимопонимание в семье, это когда вы не созвонившись заходите в разные Пятерочки и берете один и тот же товар по акции.	бытовой
Заботливая бабушка к Новому году навязала внуку свитер, шерстяные носки, свою точку зрения и систему моральных ценностей.	бытовой
- Официант! Вы не могли бы еще немного поджарить этих перепелов?- Неужели они плохо прожарены?!- Не знаю, но они у меня салат жрут!	бытовой
Очень криворукий мальчик думает, что его зовут Сашабля.	бытовой
Очень криворукий мальчик думает, что его зовут Сашабля.	пошлый
Трудно дышать полной грудью в полной жопе.	другой
"Гражданин Сидоров, который обещал своей невесте, что женится на ней, как только выиграет миллион рублей в ""Русское лото"", на всякий случай перестал покупать билеты."	бытовой
На исповеди:- Сын мой, ты отрекся от сатаны?- Не могу, святой отец, у меня с ней двое детей.	другой
- Джон, чем ты сейчас занимаешься?- Устроился уличным продавцом.- Интересно. А почем у тебя метр улицы?	другой
- А ты давно кактус на холодильнике поливал?- Это хлеб...	другой
Ваша тень - это доказательство того, что свет преодолел путь, длинной 150 миллионов километров, и не достиг до Земли всего 1,5 метра из-за вас.	другой
Правду в глаза лучше говорить по телефону.	бытовой
Паломники со всей страны дважды в год стекаются в медкомиссию военкомата номер 35 - каждую весну и осень здесь происходит чудо массового выздоровления.	бытовой
Паломники со всей страны дважды в год стекаются в медкомиссию военкомата номер 35 - каждую весну и осень здесь происходит чудо массового выздоровления.	политический
В зазор между двумя эпохами может легко провалиться несколько поколений.	другой
- Как поживает твой тесть?- Не спрашивай...- Что, заболел?- Хуже.- Умер?- Хуже. Он сменил пол и теперь у меня две тещи.	бытовой
Не люблю ночные клубы: свет мелькает, музыка гремит, читать книжку в таких условиях совершенно невозможно.	бытовой
Не люблю ночные клубы: свет мелькает, музыка гремит, читать книжку в таких условиях совершенно невозможно.	другой
Религия - как инсулин. Нельзя отнимать его у диабетиков, но нефиг подсаживать на него здоровых.	бытовой
Приличная девушка не морщит носик, когда у тебя случайно вырвется матерное слово. По настоящему приличная девушка должна спросить, что значит это слово.	другой
"Россия - уникальная страна. Ведь только у нас есть черно-белый телевизор ""Радуга"", наручники ""Нежность"", бензопила ""Дружба"", слезоточивый газ ""Черемуха"", межконтинентальные баллистические ракеты ""Мир""!"	политический
"Россия - уникальная страна. Ведь только у нас есть черно-белый телевизор ""Радуга"", наручники ""Нежность"", бензопила ""Дружба"", слезоточивый газ ""Черемуха"", межконтинентальные баллистические ракеты ""Мир""!"	другой
Я понимаю, что вам нужно очень точно завтра знать погоду, но самый точный прогноз на завтра у нас будет только послезавтра!	другой
Что-то не так с этими деньгами. Тратить их гораздо приятней, чем зарабатывать.	бытовой
Девочка в поле нашла ананас.Им оказался фашистский фугас.Ножик достала, хотела поесть.Ножки нашли километров за шесть.	бытовой
Девочка в поле нашла ананас.Им оказался фашистский фугас.Ножик достала, хотела поесть.Ножки нашли километров за шесть.	другой
Две школьницы на перемене:- Вчера Петрову минет в вестибюле делала.- Фигасе. Слово-то какое. Вестибюль.	пошлый
- Кошка впала в депрессию, посоветуйте специалиста.- Сойдет любой кот...	бытовой
"Только в наших автошколах на первом уроке вождения инструктор спрашивает: ""Опыт вождения есть?""."	бытовой
"Вчера смешал коньяк ""Наполеон"" с коньяком ""Кутузов""...Наутро ощутил всю тяжесть войны 1812 года."	бытовой
Прошу, не судите строго, это мое первое убийство.	бытовой
Прошу, не судите строго, это мое первое убийство.	политический
Счастливый брак - это когда каждый из супругов убежден, что ему в жизни повезло больше, чем другому.	бытовой
Подфортило - это когда женатый мужчина знакомиться с девушкой, а ее реально зовут Андрей Работа.	бытовой
Если испугать Анфису Чехову, то она спрячет голову в грудь.	пошлый
- Признаете ли вы, что в пьяном виде пытались пройти в театр?- Признаю! В трезвом виде мне бы это и в голову не пришло.	другой
- Ты где работаешь?- На спичечной фабрике.- И что делаешь?- Наша бригада спички в серу макает.- Ну и как зарплата?- Сдельно. Сколько обсерим, столько и получим...	другой
У африканца, вернувшегося с обучения в России спрашивают:- Как тебе русская зима?- Ну, которая зеленая - еще ничего, а которая белая - совсем плохо.	другой
У африканца, вернувшегося с обучения в России спрашивают:- Как тебе русская зима?- Ну, которая зеленая - еще ничего, а которая белая - совсем плохо.	бытовой
Моя жена говорит мне:- Вот говорят, что мужчины умнее женщин. Я лучше училась в школе и в университете, у меня выше IQ, я больше зарабатываю... Что скажешь?- И все-таки я умнее, потому что я удачнее женился.	бытовой
Два голубя сидят, один другого по голове тюк-тюк, второй взъерошился, но молчит, терпит... Муж наверное.	пошлый
Всегда беру энергетики с верхних полок - у них больше потенциальная энергия.	бытовой
Всегда беру энергетики с верхних полок - у них больше потенциальная энергия.	другой
