text,class
- Сколько человек здесь работает?- С бригадиром - десять.- А без бригадира?- Вообще никто не работает.,0
"А все вокруг такие невинные, такие правильные и хорошие, что складывается впечатление, что в аду гореть буду я один.",0
"- Официант, ваши музыканты играют на заказ?- За ваши деньги, все что угодно...- Вот деньги. Пускай пока я тут ужинаю, сыграют в карты.",0
"Ничто в доме не хранится столь трепетно, как ненужный хлам под названием ""вдруг пригодится?"".",0
"Женщина моется в общей ванной коммунальной квартиры, а сосед стал на табурет в коридоре и заглядывает через стеклянный верх двери. Она заметила и говорит:- Ну, чего уставился, голой бабы не видел?- Нужна ты мне! Я смотрю, чьим мылом ты моешься!",1
"Альтист целый месяц дирижировал оркестром вместо заболевшего дирижера. Когда дирижер выздоровел, альтист сел на свое место. Сосед его спрашивает:- Где ты пропадал столько времени, болел что ли?",0
"Женщинам приходится пудрить мозги, потому что естественную красоту женских мыслей мужчины не ценят.",0
"Ешьте больше чеснока! Это не помогает против коронавируса, но держит других на необходимом расстоянии.",0
"Все, с завтрашнего дня перестаю откладывать дела на завтра.",0
"- Чем оливье отличается от феминистки?- Несмотря на одинаковую жирность, для людей оливье все-таки полезнее.",1
"В первоначальном варианте басни Крылова просравшая все эуропейка Стрекозюк пришла к хозяйственному и домовитому Муравьеву поклянчить помощи, но услышала: ""Так пойди же поскачи!"".",2
"На литературном вечере молодая поэтесса от волнения произнесла первую строчку своего стихотворения быстро, без выражения.Больше она ничего произнести не смогла, так как зал лег.Стихотворение начиналось так: ""Отруби лихую голову"".",1
- Летом в России лучше всего жить в средней полосе. Осенью в России лучше всего жить на юге.- А зимой?- А зимой в России лучше всего жить не в России!,0
"Мой сосед ведет себя так, словно у меня нет дрели.",0
"В Риме Сцевола держал руку на огне, показывая стойкость духа, а в России люди целыми толпами остаются в помещении после пожарной тревоги.",2
"- У ада и небес есть свои границы, защита, охрана, воины, ворота. Зачем им все это?- Людей боятся, вот и окопались как могли...",0
"Мужчины обычно женятся на надеждах, женщины выходят замуж за обещания. Так как выполнить обещания гораздо легче, чем оправдать чужие надежды, то в жизни больше встречается разочарованных мужчин, чем обманутых женщин.",0
Паломники со всей страны дважды в год стекаются в медкомиссию военкомата номер 35 - каждую весну и осень здесь происходит чудо массового выздоровления.,0
"Бабушка успокаивает пятнадцатилетнюю внучку:- Подумаешь, прыщики у нее на лице! У некоторых они вон, вместо сисек...",1
Правду в глаза лучше говорить по телефону.,0
"- Придумайте рифму к слову ""мэр"".- Вор.",2
"Мальчик-негр спрашивает у своей белой мамы:- Мама, а почему ты белая и все у нас в семье тоже белые, а я черный?- Ой, сынок, я как вспомню ту вечеринку... Скажи спасибо, что не гавкаешь!",1
Ошибка подобна утопленнику: все равно всплывет на поверхность.,0
"Отец маленького Кости приватизировал пансионат на берегу моря. Учитель спрашивает на уроке Костю, сколько существует времен года.- Пять, - отвечает Костя.- Сколько? - удивляется учитель.- Весна, лето, осень, зима и мертвый сезон.",0
"Из мемуаров: ""Я никогда не изменял ни жене, ни любовнице, ни другим своим женщинам"".",0
"За нас с вами, и за хрен с ними!",0
Маленький Мика Хаккинен записался в секцию картинга.Отец его спрашивает:- Ну и чему вас учили на первой тренировке?- Обливаться шампанским.,0
"Директор фирмы наткнулся на объявление по продаже того же, чем торгует он сам, только дешевле и решил позвонить. И узнал голос сторожа со своего склада.",0
"Независимо от модели гаджета, у каждого гражданина РФ есть простой и быстрый доступ к камере.",2
- Почему у тебя такое кислое выражение лица?- Потому что мне нельзя ничего сладкого.,0
"Утверждение, что джентльменов не встретишь в наше время, несправедливо! Сегодня я, например, видела, как мужчина держал зонт над женой, пока та меняла колесо.",0
"Это была явно не русская женщина - выбегая из горящей избы, она попала под коня.",2
"Я проснулся в понедельник, чтобы во вторник пойти на работу, но в среду я узнал, что в четверг будет дождь, и тогда в пятницу я подумал: зачем идти работать в субботу, если в воскресенье выходной?",0
"Если человек сильно жаждет справедливости, то его следует напоить пивом и подождать. Вполне вероятно, что его жажда сойдет на нет.",0
Нельзя вечно откладывать проблему. Когда-нибудь все равно придется на нее плюнуть.,0
"О том, что скоро мы будем жить хорошо, мы слышим от тех, кто уже живет хорошо.",2
"Пьяный фермер избил свинью молотком. Он думал, что это копилка.",0
"Встретились новый русский и студент.Студент жалуется:- Денег мало, голодаю - последние 3 дня совсем ничего не ел!Новый русский:- Ну-у, брат, заставлять себя надо!",2
"- Дорогая, а что это за рыба плавает в ухе?- Тебе что, не нравится моя уха?- Успокойся, мне нравится. Мне не нравится, что эта рыба ее ест.",0
"- Вы знаете, вчера ваш Изя изнасиловал таки нашу Розочку!- Вчера!? В субботу!?",1
Спасение озабоченных - дело рук самих озабоченных.,1
Продам папку с фотографиями.Папка - мой. Фотографии - мамкины.,0
"Власти хотят сократить число бедных.Черт, мне страшно...",2
Сошлись как-то Илья Муромец и Соловей-разбойник.Но церковь была против этого брака...,1
- А давай устроим праздник! Ты все приготовишь...- А ты?- А я - приду!,0
"Вовочка - учительнице:- Марь Иванна, вот вы мне двойки ставите, а я вырасту, стану большим человеком и покажу вам.- Путин, не препирайся.",2
"Что-то не так с этими деньгами. Тратить их гораздо приятней, чем зарабатывать.",0
"Парень завалил девушку, залез на нее и говорит:- Ну, что, я вхожу?- Нет, блин, сначала постучись!",1
"Коронавирус был вынужден провести две недели на самоизоляции после того, как заразил Чака Норриса.",0
"- Внученька, в мои годы наркотики уже не нужны. Чтобы словить ""приход"", достаточно резко встать с дивана.",0
Христианство поставило крест на всех предыдущих религиях.,2
"Хорошо, что 24 июня выходной будет, а то страна устала от работы.",2
Подходит пьяный к милиционеру:- Товарищи милиционеры! Между вами можно пройти?- Да! Только по одному.,0
"Судя по состоянию украинского бюджета, Янукович ворует до сих пор...",2
"Я ей говорю: - Бери в рот и соси.А она кочевряжится: - Я не умею... Я не буду...Я опять спрашиваю: - Так сосать будешь?Она головой мотает.- И чо дальше было?- А чо дальше? Смотал шланг, закрыл бак и уехал. А то бензина дай, да еще и сам соси.",1
- Выходи за меня?- А что там... за тобой?,0
"Мужик заходит в ""Евросеть"" и обращается к продавщице:- Мне нужен мобильный телефон.- Модель?- Нет, сантехник, но все равно спасибо, вы тоже хорошенькая!",0
Каждая тупая овца мечтает о своем. Овечном...,0
"- Мы женаты всего два дня, а ты уже начинаешь на меня ругаться?- До тебя у меня было уже пять мужей, поэтому мне лучше знать, когда начинать ругаться!",0
"Математический закон.Бутылка на троих является условием необходимым, но недостаточным.",0
"- Интересно, почему офисные работники целыми днями сидят в мягких креслах, а геморроя нет?- Так ежедневный массаж у шефа!",1
Первое место в сезоне на соревнованиях Формула I заняла формула С2H5ОH!,0
Две школьницы на перемене:- Вчера Петрову минет в вестибюле делала.- Фигасе. Слово-то какое. Вестибюль.,1
"- Милый - может, мне прическу поменять, волосы назад зачесать?- Ты что - сдурела? Где волосы, а где зад?!",1
"Жена унижает мужа:- Я была глухая и слепая, когда выходила за тебя замуж!- Вот видишь, от каких болезний я тебя исцелил.",0
"И что это такое нарисовано на конадском флаге, что это пришлось прикрыть листиком?",1
"Заботливая бабушка к Новому году навязала внуку свитер, шерстяные носки, свою точку зрения и систему моральных ценностей.",0
"- Алло! Это бюро интимных услуг по телефону?- Да... Я готова исполнить любое твое желание...- Люсь, я только хотел, чтобы ты по дороге с работы батон белого хлеба купила.",0
"Ни дать, ни взять - ангина во время менструации.",1
"Одесский дворик. Две соседки переговариваются между балконами, этажом выше учится играть на скрипке еврейский мальчик.- Сара!- Шо?- В нашем доме немцы есть?- Нет, а шо?- А кому мстит этот мальчик?",2
"Заболела, пошла к врачу в поликлинику. Сижу в очереди - насморк, кашель... Вопрос бабульки: ""Зачем больная еще и сюда приперлась?"" поставил в тупик.",0
"На столе лежат две книги: тонкая и толстая. На тонкой написано: ""Логика"". На толстой: ""Женская логика. Том первый"".",0
"Не знаю, что хуже?! Когда девушка написала: ""Может нам стоит расстаться?"" или когда следом от нее же приходит: ""Ой, это не тебе!""?",0
"Плакат рекламы пластиковых окон сегодня на улице видел... Там изображена грустная бабка, смотрящая в окно и слоган рядом: ""Не грусти бабуль, вставим!"".",1
"Наша власть очень много делает для простых людей.Например, пополняет их словарный запас новыми глаголами типа: съединоросил, спутиниздил, отмедведил, наечурил, заефурсил, нургапшикнул, разсердючил, снабиуллил и объеголил.",2
"Интеллигентные люди - это те же самые люди, только они не умеют жить в дерьме.",0
"И было у старика Шумахера три сына: двое гонщиков, а третий - водитель маршрутки...",0
"- Милый - может, мне прическу поменять, волосы назад зачесать?- Ты что - сдурела? Где волосы, а где зад?!",0
"Я, конечно, понимаю, что скромность украшает, но назвать книгу, поступившую к нам на редактуру и повествующую об индивидуальном обучении бальным танцам, просто ""Я и бал"" - это верх скромности...",1
"- Официант, у меня в супе муха!- Не волнуйтесь, паук на хлебе ее обязательно поймает.",0
"Девушка стучится в двери богатого дома:- Здравствуйте, а вам няня не нужна?- Вы знаете, а у нас совсем нет детей.- Да ничего страшного, они у меня с собой.",0
"Выборы становятся демократичнее.Раньше, когда в бюллетене было всего три клетки, многие воспринимали это буквально и вписывали туда слово из трех букв.А восемь клеток дают гораздо больше возможностей выразить отношение к кандидатам.",2
"Из рапорта: ""Из лифта неожиданно выскочила собака и хозяйка, которая начала гавкать"".",0
Почему блондинка вернула ершик для унитаза обратно в магазин?- По ее мнению туалетная бумага мягче!,1
Чубайс стал спецпредставителем по связям с международными организациями. Тревожно за организации.,2
"Певицу Насри не пустили в Россию из-за фамилии, призывающей к административным правонарушениям.",0
"Два голубя сидят, один другого по голове тюк-тюк, второй взъерошился, но молчит, терпит... Муж наверное.",1
"- У нас админ странный, читает анекдоты за 2005 год, ржет и ставит минусы с возгласом ""Баян"".",0
"Укладываю спать четырехлетнего сына:- Спокойной ночи сынок! Тебе наверное уже сон про мишку и зайчика снится, да?Сынок, сонным голосом:- Пока еще нет, реклама идет...",0
"Соскучились по лету и морю? Поставьте вентилятор за кипящим чайником, направьте струю воздуха на себя и закройте глаза. А вопли жены сойдут за крики чаек.",0
"Блондинка Анжела никогда не пересекала двойную сплошную, потому что там две полоски.",1
"Пошел я как-то к соседям за сахаром, смотрю - не заперто. Открываю дверь, а там вокруг кровь, кишки, мозги... Потом смотрю - о, сахар!",0
"- Сержант Петров! Откройте свой бумажник!- Может, багажник?- Ах да, точно, всегда опережаю события!",0
"Секс очень похож на бег: у кого-то уверенный челночный бег, у кого-то марафон, у кого-то рекордная стометровка, у меня - освобождение от физры.",1
"Рабочий сорвался со строительных лесов. Его напарник кричит вслед:- Поднажми, Вася! За тобой кирпич летит!",0
"Бабушка с плохим зрением так любит кошек, что 3 дня отпаивала молоком выброшенную шапку.",0
Благодаря капчам я научился читать медицинские рецепты.,0
"Владелец микролитражки везет приятеля.- Скажи, а что это за каменная стена, вдоль которой мы едем?- Это не стена, это бордюр тротуара.",0
"До сих пор не могу понять, как обезболивающая таблетка понимает, где у меня болит?",0
"- А что будет, если я подберу пароль к твоему е-мейлу?- Схлопочешь по е-бейлу.",0
"Планшет был изобретен для того, чтобы люди, наконец, перестали сидеть в интернете, и начали в нем лежать.",0
"Он:- Я дал себе зарок, что если еще раз чем-то тебя расстрою, то буду отрубать себе по сантиметру члена каждый раз.Она:- Тебе, с@ка, лишь бы назло мне сделать!",1
"- Люди-то как за это время изменились: добрые стали, все улыбаются, здороваются со мной, машины дорогу уступают.- Так, Гоша - ты автомат-то чего в оружейку не сдал?",0
"Ничто так не указывает на материальность мысли, как эрекция.",1
"Врачи-психиатры обращаются к больным только на вы, потому что неизвестно сколько их там у каждого.",0
"Если по утрам вам не нравится, как вы выглядите, то перестаньте по вечерам делать то, что вам нравится...",0
"Садится в такси бабка с автоматом в руках. Обалдевший таксист:- Бабуля, а автомат то тебе зачем?- Так насилуют!- Старая, да кто же тебя насиловать то будет?Бабка передергивает затвор автомата и говорит:- Милок, да ты и будешь!",1
"- Запишите нас в НАТО.- Членом?- Да нет, можно и карандашом.",2
"Интересно, антипрививочники ставят антивирус на компьютер или они только своих детей ненавидят?",0
Запретили мат... Сборную России по футболу в Шереметьево встречала молчаливая толпа...,0
- Как заказывает проституток госчиновник?- Через тендер.,2
"Неудачные попытки заняться сексом индусы стали называть йогой, а удачные камасутрой...",1
- Слушай! Ты мне своими намеками уже все трусы порвал!,1
Когда я ем - я глух и нем.Когда я пью - я гораздо коммуникабельней.,0
"В стране, где каждый день Хеллоуин, бессмысленно отмечать его раз в году.",0
"В Киеве, разговор по телефону с мамой:- Ты в шапке?- Да, мама, не волнуйся: в шапке, в каске, с противогазом!",2
День дурака превратился в месяц дурака.,0
"Мужик на автомобиле врезался в дерево. Сидит с такими остекленевшими глазами.Подходит к нему ГАИшник и говорит:- Вот видишь, какой ты молодец: пристегнулся и сидишь в машине, а твоя подружка не пристегнулась и теперь вон на дороге с членом в зубах валяется...",1
"Грузин запустил руку в штаны и чешет там с удовольствием. Другой его спрашивает:- Што, дарагой, канец чешешь?- Нет, середину...",1
"- Дорогая, этого супа надо было сварить литров тридцать.- Он тебе так понравился?- Нет, просто тогда он был бы не такой соленый.",0
"Характер женщины должен быть не твердый, как скала, и не податливый, как тесто, а мягкий, но упругий, как женская грудь. А характер мужчины должен быть твердый, когда нужно, а в остальное время философски расслабленный.",1
"- Зяма, Вы побили Мойшу?- Я дал по морде этому негодяю, поскольку он спит с моей женой!- Зяма, Вы, такой интеллигентный, били по лицу другому человеку только за то, что у Вас с ним одинаковые вкусы?",1
"Однажды мне приснилось, что моя жена громко храпит. Просыпаюсь: ничего подобного - не женат!",0
"Прапорщик пытается натянуть ботинок на ногу. Не получается.Рядовой советует:- Товарищ прапорщик, Вы бы язычок-то вытащили.- Вот спасибо, - отвечает прапорщик и высовывает язык.",0
"На утро после брачной ночи, дочь подбегает к матери и говорит:- Мам, ты представляшь, у моего Сережки на члене бородавка - кайф такой.- А где доченька, снизу или сверху.- Сверху.- Эх, еще бы одну снизу и две по бокам.Отец, сидя и читая газету:- Вам, бл@дям, волю дай, так вы из х@я кукурузный початок сделаете!",1
"Как определить границы Российской Федерации?Наша страна кончается там, где начинаются нормальные дороги!",2
"Мужчины - проблемы лишь для глупых женщин, для умных же они - решение проблем.",0
"Надпись в маршрутке: ""Тише скажешь - дальше выйдешь!"".",0
"- В рамках борьбы с пылевыми клещами перевернули спальный матрас. Представляешь, теперь у тех клещей наступила ночь, а у этих - день...",0
"Собрался было бегать по утрам, на восходе солнца. Остановило то, что магазины еще закрыты.",0
"- Как вы посмели ударить полицейского?- Да это же мой одноклассник!- Это не имеет значения. К должностному лицу следует относиться уважительно, даже если это ваш отец.",0
"На пешеходном переходе автомобиль сбил пешехода.Выскакивает водитель, наклоняется к потерпевшему и говорит:- Вам повезло, я врач.Тот поднимает голову и отвечает:- А вам нет, я адвокат!",0
"- Моня, тут в интернетах пишут, что в России заложили новый авианосец. Вы таки не знаете в какой ломбард?",2
"- А правда у вас в России настолько холодно, что вы Новый год два раза отмечаете?",2
"Зря говорят, что семечки, это как наркотик. Это как алкоголь - именно поэтому они тоже стаканами измеряются.",0
"Какая разница между госслужащими и сперматозоидами? И те, и другие приходят на работу тысячами, но лишь одному из них приходится за всех горбатиться.",0
"Кстати, напомню: по существующим законам, если секс продолжается более двух часов, вас обязаны кормить.",1
"Есть такая поговорка: ""Когда я ем, я глух и нем"". Я конечно понимаю, нем, потому что ешь... Но как надо так жрать чтобы уши закладывало?",0
"Умирает старый еврей. Слабым голосом спрашивает:- Моя жена рядом?- Да, мой дорогой.- А мои дети здесь?- Да, папочка.- Мои внуки здесь?- Да, дедушка!- Тогда почему на кухне свет горит?",0
"Отымел или нет Аладин принцессу Жасмин, становится понятно после того, как его имя прочитаешь наборот.",1
"После разгона гей-парада в столице, полицейские не досчитались восемнадцати резиновых дубинок.",1
"- Ну что, помогло тебе колдовство?- Да! Просто ужас! Муж вернулся!- Так почему ужас?- Так не нынешний муж, а первый, умерший!",0
"- Ты видел? Она мне улыбнулась...- Не переживай, я когда тебя увидел месяц ржал!",0
"Ругаются муж с женой. Он:- Люська, замолчи вообще! Ты как последняя пара обуви на витрине!- Че?- Сто человек попробовали, а я дурак взял...",0
"Деньги не приносят счастье, зато позволяют обставить несчастье с наибольшим комфортом.",0
"Ну поймите, если вы не будете содержать яхты Путина, Сечина, Дерипаски и Усманова, вам придется содержать Шестой американский флот! Это гораздо дешевле, но не патриотично.",2
"Женщины. Помните. Вы не прачки, не посудомойки, не кухарки, не уборщицы. Вы - ангелы чистоты. Жрицы порядка. Богини уюта. Дом - это ваш храм. Вам просто не объяснили.",0
"Может, стоит начать вести более спортивный образ жизни: ходить в спорт-бары вместо обычных.",0
"Не в деньгах счастье - человек, имеющий десять миллионов долларов, может быть ничуть не счастливее человека, имеющего девять.",0
"Не переживай, что у тебя тонкий член! Для какой-нибудь старой девы он может стать спасительной соломинкой.",1
Патриоты России сдирают с себя турецкий загар.,2
- Папа! Что такое диалог?- Это разговор двух людей.- Это так ты разговариваешь с мамой?- Нет - это монолог.,0
На МКС починили туалет. Космонавтам больше не придется выходить в открытый космос.,0
"Жена - мужу:- У меня никогда не было романов на стороне, а ты можешь сказать то же самое?Муж:- Да, Романов не было. Были Ани, Оли, Кати...",1
Нынешнее поколение в завещании будет оставлять логины и пароли от социальных сетей.,0
Самые-самые изобретения XX века: непромокаемый пакетик с чаем и фонарик на солнечных батарейках.,0
"""Ты должен"" - убивает эта фраза. То, что я должен, записано в налоговом кодексе, все, что не должен - в уголовном. Остальное - на мое усмотрение.",0
"Религия - как инсулин. Нельзя отнимать его у диабетиков, но нефиг подсаживать на него здоровых.",0
"- Это правда что вы машину в лотерею выиграли?- Правда. Только не машину, а квартиру. И не в лотерею, а в покер. И не выиграл, а проиграл.",0
"Прикольная сейчас мода у молодежи: голые щиколотки, а на шее плед. Он, видимо, нужен, чтобы впитывать сопли. Другого объяснения я не нашел.",0
"Спортивный комментатор берет интервью у нашего лыжника, только что сошедшего с дистанции:- Вы конечно не победили, но скажите, вам понравилась сама гонка?- Самогонка понравилась, поэтому и не победили.",0
"Я теперь понял, что такое раздельное питание. Это когда я ем отдельно и ты ешь отдельно.",0
"Парень говорит девушке:- Пойдем ко мне, я тебе фокус покажу.- А какой?- Какой-какой! Я тебя тр@хну, а потом ты исчезнешь.",1
"- Девушка, а что вы делаете в субботу вечером?- Позвоните в воскресенье. Я расскажу...",0
"- Милая, деньги в кармане пиджака. Возьми, сколько тебе надо.Жена, покопавшись по карманам:- Еще столько же надо!",0
"- Почему она все время спрашивает, как у меня на личном фронте?- Хочет на передовую...",1
"Новая книга Билла Гейтса: ""Майн комп"".",0
Вчера в городском парке города Мухосранска сексуальным маньяком была зверски проигнорирована пенсионерка Марья Ивановна Толстожопова.,1
"На заметку: жене, нашедшей в вашем кармане презерватив, говорите, что его вы положили только для того, чтобы проверить, роется ли жена, в ваших карманах.",1
"В кабинете у врача. Врач долго осматривает пациента, потом с глубокомысленным видом ставит диагноз:- Ну-с, голубчик, правое легкое надо удалять...- Но, доктор, оно же у меня не болит!- Надо, голубчик, надо. Иначе печень не поместится.",0
"- Что нового?- Сражаюсь с алкоголизмом!- Судя по всему, плечом к плечу?- Пока так.",0
"Моя жена о чем-то долго думала, что-то писала на бумажке, считала на калькуляторе, спрашивала у меня, сколько дней осталось до Нового года. А потом неожиданно спросила: ""А что ты мне подаришь на 8 Марта?"".",0
"- Мы с парнями на днях к себе в общагу девушку пригласили: ну выпили мы шампанского, пива... потом потр@хались... потом одного послали за коньяком, водкой... опять потр@хались...- Бедная девушка!- Какая девушка?- Ну, которую вы пригласили к себе.- Да она не пришла...",1
Портфель поработил пятиклассника Петю и каждый день ездит на нем в школу.,0
"Кто говорит, что дружбы народов не существует, тот не стоял в очереди в УФМС России.",2
"- Чтобы не переедать во время обеда, я за полчаса до обеда ем две тарелки пельменей.",0
"Какой же идиот мог догадаться в анкете на вопрос: ""самый старший чл@н семьи"" ответить - ""дедушкин""?!",1
"Знаете, почему Кубу называют островом свободы?По местному преданию именно на нем провел свои счастливейшие 28 лет до женитьбы Робинзон Крузо.",0
"- Что ты делаешь здесь, Михель?- Наблюдаю, откуда русские наступать будут.- А зачем тебе это знать?- Чтобы предупредить своих, в какую сторону бежать.",2
"""Почта России"" - это мы изобрели сухофрукты!",2
"Просьба к родителям: ""Делая детей, доделывайте их до конца"".",0
"- ""Скорую"" вызывали?- Да.- Выходите, машинка подъехала!",0
"Хорошо хохлам: из двух извечных вопросов - ""Что делать?"" и ""Кто виноват?"" - по крайней мере на второй они уже для себя ответили.",2
"- Что случилось с Петровым? Почему он не ходит на рыбалку?- А, он женился на той девушке, помнишь, которую вытащил из реки, когда она тонула.- Так, а на рыбалку-то почему не ходит?- А он теперь воды боится!",0
"- Софочка, я же просил тебя погладить мой выходной пиджак!- Йосик, я погладила...- Неправда! 100 долларов как лежали во внутреннем кармане, так до сих пор там и лежат!",0
"В лаборатории органической химии фраза ""Что ты гонишь?"" приобретает иной смысл.",0
"- Маш, выйди на опушку, покричи на помощь, если никто не прийдет - здесь и будем тр@хаться!",1
Праздник в пионерском лагере! Компот забродил!,0
"- Она меня совсем не замечает!- Займи у нее много денег и не отдавай, она и будет думать только о тебе!",0
"Преподаватель, заканчивая лекцию: ""Я кончил. Вытрите с доски"".",1
"Не люблю ночные клубы: свет мелькает, музыка гремит, читать книжку в таких условиях совершенно невозможно.",0
"Хозяйка звонит электрику:- Я просила Вас вчера прийти починить звонок!- А я был у Вас! Позвонил, мне никто не открыл и я ушел.",0
"Первое сентября. Мама спрашивает у первоклассницы:- Ну и как прошел первый день в школе?- Первый день? Только не говори мне, что завтра я должна идти туда снова!",0
"Мы очень хитрая страна. Наши спецслужбы под видом частных лиц скупают виллы вдоль побережья Испании, Франции и Майами, чтобы у этих стран не осталось выхода к морю.",2
"А ведь я мог бы быть богатым, будь у меня деньги.",0
"Парень заходит в женскую общагу. Вахтерша:- Молодой человек, вы к кому?- Да мне все равно, у меня водка!",0
"Жена говорит мужу:- Слушай, дорогой, я думаю пора уволить нашего водителя, он уже 2 раза чуть меня не задавил, когда парковался...- Да ладно тебе, любимая, он хороший парень, давай дадим ему еще один шанс...",0
"Не клюет - это когда накопал червей, а их хватило на весь сезон.",0
"К директору театра обращается пожилой актер:- Месье, я служу в этом театре двадцать лет. И мне кажется, что уже можно подумать об улучшении моего финансового положения!- Хорошо, я распоряжусь, чтобы вам отдали все роли, в которых приходится есть на сцене...",0
Для того чтобы найти счастье с мужчиной - нужно сильно его понимать и немножко любить.Для того чтобы найти счастье с женщиной - нужно сильно ее любить и даже не пытаться понять.,0
"- Когда ты трезв, то такой, как все, а когда пьян - словно луч солнца.- Что, такой яркий и привлекательный?- Нет, постоянно отражаешься от стенок и падаешь на пол.",0
"Кошка иногда страшнее тигра. Тигры где-то там, далеко, а кошка - она вот рядом. И ее надо мыть.",0
"Судя по платежкам за коммунальные услуги, налог на роскошь все-таки ввели.",0
"- Возвращаюсь домой пораньше, а на кухне что-то происходит, захожу - а там муж мой йогурт ест!- Лучше бы бабу тр@хал, было бы не так обидно...",0
"Девушки, как пули со смещенным центром тяжести: попадают в сердце, бьют по карману, а выходят боком...",0
"- Санитар, куда мы едем?- В морг.- Так я же еще не умер!- Так мы еще и не приехали...",0
"- Владимир Владимирович, почему в России непрерывно все дорожает?- Здесь вы абсолютно неправы, вот рубль, например, дешевеет!",2
"- Продаются ли у вас такие спички, чтобы головка была с другой стороны?Ответ продавца:- Таких не держим.Ответ еврейского продавца:- Сейчас посмотрю. На верхней полке завалялась, кажется, одна коробка...",0
"Бежит заяц по лесу, смотрит куча говна. Нагнулся, посмотрел и на вкус попробовал.- Фу, говно. Хорошо, что не наступил.",1
"- Как Вас с такой дикцией взяли на радио?! У Вас что, там блат?- Почему блат? Сестла!",0
"Собеседование при приеме на работу:- Ну, а как у Вас с высшей математикой?- Несчастная любовь...- Это как?- Я ее любил, но она мне так и не далась.",1
Русская народная примета: что в мире ни случается - это к росту цен!,2
Я уже нашел свою половинку. Она состоит из двух четвертинок.,0
"Все ругают евреев, масонов. Знаете, что скажу? Мне ни один масон еще подъезд не обоссал.",0
"- Немедленно откройте дверь, это полиция!- Нет, вы будете меня ругать...",2
"- Иван-царевич, ты куда?- В чисто поле... Пущу стрелу, как батя велел, и в чей двор она упадет, на той, стало быть, и женюсь.- А гранату к стреле зачем прикрутил?- Дык, не хочу я жениться, не хочу!",0
"Это была явно не русская женщина - выбегая из горящей избы, она попала под коня.",0
"Женитьба лишила меня простых холостяцких радостей. Например, найти в пододеяльнике пряник.",0
"Колобок закатился на арбузное поле и подумал, что это митинг зеленых...",2
"На заметку: жене, нашедшей в вашем кармане презерватив, говорите, что его вы положили только для того, чтобы проверить, роется ли жена, в ваших карманах.",0
Выбери Путина четыре раза - Медведев в подарок!,2
"Если в своем почтовом ящике вы обнаружили письмо, в заголовке которого имеются слова ""повестка"" и ""военкомат"" - уничтожьте его не открывая. В нем содержится опасный вирус, который может лишить вас Интернета и компьютера на 2 года.",0
"- Извините, сдачи нет! Возьмите жвачкой с Микки Маусом!- Ты че? Я че, бл@, маленький что ли? Дай вон ту, с Терминатором!",0
"- Папа, дай мне 200 рублей, - говорит сын.- А мне - 500, - просит дочь.- А мне нужно 2000, - добавляет жена.- Да что с вами сегодня случилось? - удивляется отец.- Ты забыл? У тебя завтра 23 февраля!",0
"Лучше быть обнуленным, чем вечно живым. Ленин.",2
"Монах-отшельник нарушил тридцатилетний обет молчания, узнав курс евро.",2
"2000: х/ф ""Путин. Начало"".2012: х/ф ""Путин. Возвращение"".2018: х/ф ""Путин. Навсегда"".",2
Худшие враги кошек - это обожающие их дети.,0
Мужчинам старше 80 лет не рекомендуется смотреть эротику.Особенно в исполнении ровесниц.,1
"- Ты почему на работу не пришел?- Я еб@нулся...- Ты давно еб@нулся, на работу почему не пришел?- Шеф, вы не дали мне договорить - нога сломана...",0
"Если ваш начальник заговорил с вами вежливо, значит, кого-то из вас двоих скоро уволят.",0
"Никогда не связывайтесь с малолетками! Они - как глянцевый журнал... Обложка красивая, а открываешь - статья, статья, статья...",1
"Если вы ссоритесь, а потом миритесь и уже не помните, из-за чего ругались - это и есть любовь. Хотя, хрен знает, склероз начинается так же.",0
"- Специалисты утверждают, что зарплата у населения растет.- А население говорит, что нет.- Но ведь они же не специалисты...",0
"В психбольнице пациент жалуется врачу:- Я не смогу находиться в одной палате с этим человеком: он считает себя мотоциклом!- И что же вам мешает - грохот?- Да нет, выхлопные газы!",0
"Когда на даче жаришь шашлыки, то каждый подходящий считает своим долгом помешать угли или повернуть шампуры, хотя ты это только что делал. Но вот когда копаешь землю, никто из подошедших не берет лопату и не продолжает тобою начатое дело...",0
"- Куда эти люди девают энергию, сэкономленную на невключенных поворотниках?- Тратят на аварийку, когда стоят там, где нельзя.",0
"- Бэрримор, кто это ночью выл на болотах?- Простите, сэр, накопилось.",0
"Только в России вы можете посмотреть на стриптизершу с двумя высшими образованиями, одно из которых - педагогическое.",0
"Любая одежда может быть модной, если вам пофиг.",0
Иногда Пугачева поддается возрастным традициям и называет проходящего мимо Галкина наркоманом.,0
"Скупой платит дважды, а женатый - всегда.",0
"""Мне похудеть бы надо, кстати"" - ворчала Ира за столом. Она сегодня днем с кровати упала сразу с двух сторон.",0
"Хозяюшке на заметочку: извиниться перед гостями за то, что не убрано, во много раз легче, чем сделать уборку.",0
Жена беседует с адвокатом:- Я в течение десяти лет каждую субботу намыливаю мужу спину...- Разве это причина для развода?- Но в прошлую субботу его спина была совершенно чистой.,0
Этим летом решил заняться недвижимостью!Лежу и не двигаюсь.,0
- Вы что хотите меня распять.- Нет раз шесть.- У вас ничего не выйдет.- Зато как войдет.,1
"Скажи женщине, что она красивая - она поверит тебе ненадолго. Скажи женщине, что она уродина - она поверит тебе навсегда. Вдобавок ты умрешь.",0
"- Почему у тебя сапоги разные?- Потому что продавцы в магазинах считают, что если они выставят один сапог, то его не украдут.",0
Поручик Ржевский на последней вечеринке мутил воду. Воду в фонтане долго пришлось промывать.,0
"Монархия - форма правления, характеризующаяся единовластием, обычно передаваемая половым путем!",1
- Почему официант постоянно бегает в туалет?- Не давайте ему так много на чай.,1
"Каждого, кто отведает ее стряпню, ждет казнь на керамическом стуле...",0
"Для того, чтобы перебить запах несвежих носков, космонавты на станции МКС начали выращивать горох.",0
- Эй таксист!- Я не таксист! Я чемпион мира по шашкам!,0
- Почему чиновники готовы швырять деньги направо и налево? - Потому что они их не зарабатывали...,2
"Подскажите, где купить билет в Россию? В ту, которая по телевизору.",2
"Отец - сыну:- Ну, сынок, чем сегодня папу порадуешь?- Папа, все то, что тебя может порадовать, мы еще вчера с пацанами выпили!",0
Входит ежик в аптеку. Подходит к продавцу и говорит:- Мне 90 презервативов.Сзади стоят 2 белочки:- Ха-ха-ха-ха.Ёжик молча поворачивается:- 92 презерватива.,1
"Диалог на рынке.- Дамочка, а у меня есть кофточка, как раз на Вас.- А мужика на меня нет?",0
"Муж приходит домой и говорит жене:- Ах ты, моя сладкоежка! Иди, я купил тебе два килограмма кильки.",0
"- После серии фильмов про Гарри Поттера, в школах стали осторожней обижать маленьких рахитичных очкариков.",0
"В детском саду:- Ребята, кем вы хотите стать в будущем?- Я - бизнесменом, они богатые.- Я - артистом, суперзвездой...- А я хочу быть хреном - он все знает!",0
"- Запишите нас в НАТО.- Членом?- Да нет, можно и карандашом.",1
"Ограничения сняли, а лопоухость осталась. Можно хлопать ушами и радоваться.",0
"Кто же мог предположить, что вслед за развитым социализмом грядет рабогалернический строй?",2
"- Там в холодильнике две сосиски, тебе принести?- Принеси одну.- А почему одну?- Хочу поделиться со мной завтрашним.",0
"Российские ученые выяснили, что на сельских дискотеках шансы забеременеть и умереть примерно равны.",0
"Приходит вовочка к соседке и говорит:- Тете клава дайте баночку варенья.- Конечно, конечно деточка. Куда тебе налить?- Да никуда. Я здесь сожру!",0
"Единственная проблема в первые 30 минут в тренажерном зале в том, что прошло только 2 минуты.",0
"Если бы были показаны реальные результаты Грудинина, то ему пришлось бы не усы сбривать, а в дополнение к ним, отращивать еще и бакенбарды с эспаньолкой...",2
"Вот чем мне нравятся джинсы, так это тем, что в них можно месяц ползать по грязному полу, и никто не заметит. Все подумают, что это дизайн такой.",0
Диалог двух приятелей:- Я своей жене из командировки презент привез.- А чего ты его там не использовал?,1
"Чем больше тебе пофиг, тем счастливее ты будешь.",0
"- Ангел мой! Ты поговорила со своими родителями обо мне? Они согласны отдать тебя мне в жены?- Да, я сказала им все.- И как они?- Не знаю. Отец пока молчит, а мама ждет, пока он выскажется, чтобы выразить прямо противоположное мнение.",0
"Благодаря училке физики, я на всю жизнь запомнил, что трение скольжения самое приятное.",1
"Врач говорит пациенту:- У меня для Вас две новости: одна плохая, а другая - хорошая.- Тогда начнем с плохой.- Вам нужно ампутировать ноги, а хорошая новость - у меня есть покупатель для ваших кроссовок.",0
Жительница Новосибирска наладила производство мыла в форме бюста Путина. Два обмылка уже стали губернаторами.,2
"После того как обезьянам Московского зоопарка сделали вакцины, увеличивающие интеллект, - они отказались вступать в ""Народный фронт"" и готовятся к восстанию!",2
"Если полицию переименовать в полюцию, то она будет появляться у преступников гораздо внезапнее.",1
"Певицу Насри не пустили в Россию из-за фамилии, призывающей к административным правонарушениям.",1
"Очень криворукий мальчик думает, что его зовут Сашабля.",0
"Сколько я ни задумывался над смыслом жизни, потом всегда тяжело выходил из запоя.",0
"Коробочка слабительного чая, в ней 12 упаковок, называется ""12 стульев"".",0
"Скептически оглядев свою старенькую машинку и поношеную шубку, юрист Аня подумала: ""Техника минета освоена не в полном объеме"".",1
"Калий, натрий и фосфат, вместе мы ""Фруктовый Сад""!",0
- Какая у тебя самооценка?- Так себе. Мы цари народ простой.,0
Вчера ночью 5 дебилов хотели забрать у меня телефон. Теперь у меня 6 телефонов.,0
"Встречаются два охотника. Один говорит:- Я теперь на лису с хомячком хожу!- А почему с хомячком?- Берешь хомячка, даешь ему бутылку водки и пускаешь в нору к лисе!- И что?- И через 15 минут они покурить выходят!",1
"Жизнь не надо растягивать, ее нужно наполнять.",0
Вот раньше в большой пачке презервативов было 12 штук - очень удобно. А потом сделали пачки по 10 штук. И в чем прикол? Остальные 2 месяца в году без секса что ли?,1
"Мне посоветовали почитать Анну Каренину. О чем она пишет? Какие книги есть у нее, подскажите?",0
"Секс по телефону это конечно прикольно, но раньше в эпоху пейджеров было интереснее - звонишь сначала оператору, и диктуешь, диктуешь...",1
"Разговаривают два парня:- Я тут на днях встретился с девушкой, с которой целый месяц переписывался по интернету.- И как?- Я недооценил ее способность работы в фотошопе.",0
"Наглость - это когда тебя добавляют в друзья, чтобы поиграть в фермера!",0
"Большинством голосов Белоснежка и семь гномов проголосовали за секс, при одном голосе против.",1
Умную бомбу последнего поколения кое-как сумели вытолкать из самолета.,2
При цене нефти $10 за баррель средним классом в России будет считаться человек в обуви. В любой обуви.,2
"Самая распространенная фраза в первую брачную ночь: ""И здесь всего 500 рублей, а еще друзья называются"".",0
"Я баба нервная, поэтому телефон у меня дешевый и посуда одноразовая.",0
"Лучшей мотивацией учиться, была фраза отца: ""Александр - это защитник по-гречески, так что выбирай: ты либо защищаешь диплом, либо защищаешь родину"".",0
"Двое заключенных встречаются в тюремной камере. Один спрашивает:- Тебе сколько дали?- 15 лет. А тебе?- 10 лет.- Ну тогда бери нары около дверей, тебе скорей выходить.",0
"Если у мужчины родился сын, то он становится отцом, а если родилась дочка - он становится папулей...",0
"Душа болит, а начнешь лечить - печень болит!",0
Он и она после интима.- Тебе было хорошо?- Да.- Очень хорошо?- Да.- А как хорошо?- Как будто борща поел.,1
"Как показал последний соцопрос, для 62 процентов российских мужчин понятия ""отпуск"" и ""запой"" тождественны. Остальные просто не знают смысла слова ""тождественны"".",0
Не хочешь давать сдачи? Бей первым и убегай!,0
Может Путина даже еще и наградят за спасение Навального. Секретно конечно. ЦРУ как никак.,2
"- Меня же к вам послали!?- Ну мало ли в России кто, кого, куда посылает.",2
"Объявление в санатории:- Снижены цены на терапию голоданием, узнать подробности можно в тринадцатом кабинете.",0
Каждый третий американец страдает от ожирения. А каждый второй-плюнул и радуется жизни.,2
"Письмо из детского спортлагеря: ""Дорогие родители, живу я хорошо. Вчера у нас были соревнования по боксу. Зубную щетку, пасту и другие ненужные предметы высылаю домой"".",0
"Тупые люди, как тупые ножи: вроде и особого вреда причинить не могут, но бесят!",0
"- Что неприятнее будильника, который может звенеть?- Будильник, который звенит.",0
"- Фима, как вам вчерашний обед у Рабиновичей?- Что вам сказать? Если бы суп был таким же теплым, как вино, вино таким же старым, как гусь, а гусь таким же жирным, как хозяйка, обед был бы совсем неплох.",1
"У африканца, вернувшегося с обучения в России спрашивают:- Как тебе русская зима?- Ну, которая зеленая - еще ничего, а которая белая - совсем плохо.",0
"Сборищем грязных отморозков назвал мэр участников митинга, требующих в ноябре подключить горячую воду и отопление.",2
"- Ну, и где та дрянь, которая мне на зиму посоветовала окна заклеить?- Что, теперь тепло?- Теперь темно!",0
"Встречаются два охотника. Один говорит:- Я теперь на лису с хомячком хожу!- А почему с хомячком?- Берешь хомячка, даешь ему бутылку водки и пускаешь в нору к лисе!- И что?- И через 15 минут они покурить выходят!",0
"Парень заходит в женскую общагу. Вахтерша:- Молодой человек, вы к кому?- Да мне все равно, у меня водка!",1
"- Специалисты утверждают, что зарплата у населения растет.- А население говорит, что нет.- Но ведь они же не специалисты...",2
"А что если чиновники заказывают у себя обыски, чтобы похвастаться перед друзьями, потому что просто хвастаться некрасиво?",2
"Взаимопонимание в семье, это когда вы не созвонившись заходите в разные Пятерочки и берете один и тот же товар по акции.",0
"Коротко об инфляции:- Дайте, пожалуйста, рублевый пакетик.- С вас 2 рубля.",2
"Женщина звонит сыну-студенту:- Сынок, как экзамены?- Мама, подорожали!",0
"Не вводи меня в возбуждение, держи себя в трусах!",1
"Женщина заходит в аптеку, спрашивает:- Подскажите, что лучше для мужа взять валидол или валерьянку?- А диагноз какой?- Туфли за 30 тысяч...",0
"- Я теперь знаю, почему англичане такие заядлые любители чая!- И почему же?- Я их кофе попробовал!",2
"Как показывает практика, в любой другой день можно разыграть гораздо большее количество людей, чем первого апреля.",0
"После 40 лет уже не нужно устанавливать будильник, потому что ваши проблемы разбудят вас сами.",0
"После того, как Байден спросил сколько лет ему суждено быть президентом США, кукушка так растерялась, что начала каркать.",2
Минский метрополитен тоже готовит свои шутки к 1 апреля. Теперь перила и ступеньки будут ездить в разные стороны.,0
"Пациент рассказывает:- Когда я был ребенком, врач мне сказал: ""Не перестанешь грызть ногти - вырастешь идиотом"".- И почему же Вы не перестали?",0
"Прошу, не судите строго, это мое первое убийство.",0
"Утро не бывает добрым, поэтому я просыпаюсь днем.",0
"- Сержант Петров! Откройте свой бумажник!- Может, багажник?- Ах да, точно, всегда опережаю события!",2
"- Девушка, а вы мне отдадитесь за 100 баксов?- Вам завернуть?- Что завернуть?- Губу...",1
"Алкоголик, глядя на березу:- Мне бы столько почек.",0
"На рынке.- Ну, и почем ваша лошадь?- Какая лошадь, я продаю курицу, куда вы смотрите!- Я смотрю правильно, я смотрю на цену.",0
"Мальчик Витя не может уснуть, потому что боится, что мама смоет его в унитаз, как уснувших рыбок.",0
"В армии.- Рядовой Веркопуло, с чего надо начинать чистку автомата?- С проверки серийного номера, товарищ сержант!- Это еще почему?- Дык как же! На кой черт мне надо чужой автомат чистить?",0
"Жили-были старик со старухой, и жили они настолько долго, что четыре квартиры, три автомобиля и загородный дом, достались им в наследство от правнуков.",0
"- Девушка, а девушка, а сколько вам лет?- ""Мишки Гамми"" смотрел?- Нет, а кто это?- А я смотрела...",0
"Детский сад на прогулке по лесу. Воспитательница:- Дети, если кушаем ягодки, то срываем по две: одну ешьте, а другую для судмедэкспертизы.",0
Парень подруге:- Сделаешь мне минет?- Я плохо умею его делать. Давай лучше в другой раз.- Не понял. А где ты до другого раза собираешься тренироваться?,1
"- А насколько больно делать тату?- Ну, как, терпимо, но смотря где делаешь.- В Челябинске, а что?",0
"Гинеколог простыл, в связи с чем сильно охрип. Приходит к нему на прием молодая женщина. Он говорит ей шепотом:- Раздевайтесь.Она разделась и спрашивает тоже шепотом:- А вы почему не раздеваетесь?",1
"Заседание Думы было бурным, продолжительным и даже с мордобоем. Оно и понятно - бюджет по-тихому нигде не распиливают.",2
"Один мой знакомый решил избавиться от интернет-зависимости путем ухода в запой. Надо признать, что эксперимент удался: в среде бомжей вай-фай пока еще большая редкость.",0
"- Сгинь, нечистая, сгинь!- Ну, ладно, ладно, пойду помоюсь...",0
В любовном треугольнике один угол - общего пользования.,1
"В войне главное не победа, главное в ней не участвовать.",2
"Семейная жизнь - это как плавание на корабле, на берегу девки и бухло, а у тебя секс только с поварихой.",0
"- Дорогая, в этом году я исправился и вовремя выкинул елку, ты даже не успела меня упрекнуть!- Как, ведь я же купила искусственную?",0
"- Не хочешь ли ты принять участие в нашем хоре? Знаешь, просто чудесно! Когда мы собираемся, мы едим, пьем, танцуем, флиртуем...- А когда же вы поете?- Ночью, когда возвращаемся домой.",0
"Нужно не от хамона и пармезана отказываться, а от маргарина и валокордина, от которых весь мир отказался.",2
У нас с друзьями есть хорошая традиция: каждый год 31 декабря мы все ходим... А вот 1 января мы уже не ходим.,0
"Аппетит приходит вовремя, а еду опять задерживают.",0
"Моя жена говорит мне:- Вот говорят, что мужчины умнее женщин. Я лучше училась в школе и в университете, у меня выше IQ, я больше зарабатываю... Что скажешь?- И все-таки я умнее, потому что я удачнее женился.",0
По дыркам на ремне полковника полиции можно проследить его карьерный рост.,0
Самое страшное в работе крановщика башенного крана - это понос.,1
В честь Дня Всех Влюблённых начальство дарит подчиненным вазелинки!,1
"Хрюшу давно пора убирать из ""Спокойной ночи"". Ведь нас смотрят и мусульмане...",2
Алкоголик Сидоров отправился в лес к белкам с ответным дружественным визитом.,0
"Может у меня характер тяжелый потому, что золотой?",0
"Она долго пробовала себя в разных профессиях и наконец нашла то, что искала - богатого старого мужика.",0
"Знакомая при попытке объяснить знак ""/"" на словах выдала фразу: ""Ну этот, хай гитлер вправо"".",0
Ацтеки и инки приносили в жертву богам своих вождей во время эпидемий. Ни на что не намекаю. Просто красивый обычай.,2
"Подфортило - это когда женатый мужчина знакомиться с девушкой, а ее реально зовут Андрей Работа.",0
"Чем толще я становлюсь, тем дешевле принимать ванну.",0
"Я все больше убеждаюсь, что у некоторых людей голова - это декоративное приложение к жопе.",1
"Если вам чинят препятствия, за ремонт платить не обязательно.",0
"Купил быстросохнущий супер-клей. Не обманули.Он засох еще до того, как я смог его открыть...",0
"1 апреля в ЗАГСе:- Невеста, у вас вся спина белая!",1
"Ни что так не сплачивает и не объединяет давно не видевшихся родственников, как совместный поход к нотариусу.",0
"Хитроумный отец, чтобы скрыть грязь на обоях в углу, по приходу гостей поставил туда своего сына.",0
"- А почему у тебя в учебном классе все системные блоки под столами стоят?- А мне нравится наблюдать, как студентки USB-порт ищут.",1
"Коварству кошек нет предела! Они больше не могуть съесть нас, как их предки ели наших предков. Так они лаской заставляют нас покупать им еду!",0
"Если вы договариваетесь с собой - это эгоизм, если нет - шизофрения.",0
"Дачник застукал соседского мальчишку на яблоне, на своем участке:- Вот, я поговорю с твоим отцом!Пацан переводит взгляд вверх и говорит:- Пап, тут дядя Вася с тобой поговорить хочет!",0
"- Как тебе новая секретарша?- Английского не знает, но языком владеет в совершенстве...",1
